INSERT INTO Suppliers (SupplierName, ContactName, Email, Phone, Address) VALUES (N'Johnson & Sons', N'Alex Johnson', 'alex.johnson@supplier.com', '(889) 119-6127', N'113 Oak St., Springfield, USA');
INSERT INTO Suppliers (SupplierName, ContactName, Email, Phone, Address) VALUES (N'Miller & Sons', N'Jamie Brown', 'jamie.brown@supplier.com', '(201) 122-5012', N'5081 Cedar Blvd., Oakwood, USA');
INSERT INTO Suppliers (SupplierName, ContactName, Email, Phone, Address) VALUES (N'Garcia & Sons', N'Jamie Williams', 'jamie.williams@supplier.com', '(344) 820-2090', N'9232 Oak St., Fairview, USA');
INSERT INTO Suppliers (SupplierName, ContactName, Email, Phone, Address) VALUES (N'Smith & Sons', N'Hayden Williams', 'hayden.williams@supplier.com', '(453) 339-3497', N'5668 Spruce Dr., Greenville, USA');
INSERT INTO Suppliers (SupplierName, ContactName, Email, Phone, Address) VALUES (N'Davis & Sons', N'Jordan Brown', 'jordan.brown@supplier.com', '(303) 340-5843', N'2426 Birch Ln., Midway, USA');
INSERT INTO Suppliers (SupplierName, ContactName, Email, Phone, Address) VALUES (N'Williams & Sons', N'Riley Garcia', 'riley.garcia@supplier.com', '(570) 728-4180', N'1052 Cedar Blvd., Fairview, USA');
INSERT INTO Suppliers (SupplierName, ContactName, Email, Phone, Address) VALUES (N'Johnson & Sons', N'Quinn Garcia', 'quinn.garcia@supplier.com', '(687) 262-9088', N'7223 Pine Rd., Springfield, USA');
INSERT INTO Suppliers (SupplierName, ContactName, Email, Phone, Address) VALUES (N'Smith & Sons', N'Cameron Garcia', 'cameron.garcia@supplier.com', '(758) 354-3575', N'8821 Spruce Dr., Riverside, USA');
INSERT INTO Suppliers (SupplierName, ContactName, Email, Phone, Address) VALUES (N'Miller & Sons', N'Morgan Williams', 'morgan.williams@supplier.com', '(868) 836-6050', N'1202 Cedar Blvd., Greenville, USA');
INSERT INTO Suppliers (SupplierName, ContactName, Email, Phone, Address) VALUES (N'Garcia & Sons', N'Jamie Jones', 'jamie.jones@supplier.com', '(402) 641-6231', N'6625 Elm St., Oakwood, USA');
INSERT INTO Suppliers (SupplierName, ContactName, Email, Phone, Address) VALUES (N'Brown & Sons', N'Hayden Rodriguez', 'hayden.rodriguez@supplier.com', '(296) 840-3932', N'1692 Willow Way, Franklin, USA');
INSERT INTO Suppliers (SupplierName, ContactName, Email, Phone, Address) VALUES (N'Rodriguez & Sons', N'Morgan Johnson', 'morgan.johnson@supplier.com', '(521) 877-6828', N'1878 Willow Way, Greenville, USA');
INSERT INTO Suppliers (SupplierName, ContactName, Email, Phone, Address) VALUES (N'Davis & Sons', N'Jamie Smith', 'jamie.smith@supplier.com', '(697) 701-2394', N'2768 Willow Way, Fairview, USA');
INSERT INTO Suppliers (SupplierName, ContactName, Email, Phone, Address) VALUES (N'Rodriguez & Sons', N'Casey Johnson', 'casey.johnson@supplier.com', '(764) 803-5397', N'9765 Pine Rd., Springfield, USA');
INSERT INTO Suppliers (SupplierName, ContactName, Email, Phone, Address) VALUES (N'Smith & Sons', N'Taylor Miller', 'taylor.miller@supplier.com', '(903) 111-4407', N'4105 Spruce Dr., Oakwood, USA');
INSERT INTO Suppliers (SupplierName, ContactName, Email, Phone, Address) VALUES (N'Johnson & Sons', N'Jamie Jones', 'jamie.jones@supplier.com', '(912) 294-9709', N'545 Spruce Dr., Fairview, USA');
INSERT INTO Suppliers (SupplierName, ContactName, Email, Phone, Address) VALUES (N'Brown & Sons', N'Cameron Jones', 'cameron.jones@supplier.com', '(237) 828-4159', N'2679 Elm St., Oakwood, USA');
INSERT INTO Suppliers (SupplierName, ContactName, Email, Phone, Address) VALUES (N'Garcia & Sons', N'Jamie Brown', 'jamie.brown@supplier.com', '(289) 307-9793', N'5962 Maple Ave., Midway, USA');
INSERT INTO Suppliers (SupplierName, ContactName, Email, Phone, Address) VALUES (N'Brown & Sons', N'Morgan Johnson', 'morgan.johnson@supplier.com', '(841) 633-1224', N'7290 Spruce Dr., Springfield, USA');
INSERT INTO Suppliers (SupplierName, ContactName, Email, Phone, Address) VALUES (N'Brown & Sons', N'Taylor Johnson', 'taylor.johnson@supplier.com', '(693) 572-7784', N'5979 Elm St., Franklin, USA');
INSERT INTO Suppliers (SupplierName, ContactName, Email, Phone, Address) VALUES (N'Rodriguez & Sons', N'Casey Jones', 'casey.jones@supplier.com', '(448) 889-1042', N'1427 Cedar Blvd., Fairview, USA');
INSERT INTO Suppliers (SupplierName, ContactName, Email, Phone, Address) VALUES (N'Garcia & Sons', N'Jamie Miller', 'jamie.miller@supplier.com', '(904) 657-5255', N'3908 Elm St., Midway, USA');
INSERT INTO Suppliers (SupplierName, ContactName, Email, Phone, Address) VALUES (N'Jones & Sons', N'Taylor Rodriguez', 'taylor.rodriguez@supplier.com', '(237) 160-9950', N'9976 Pine Rd., Oakwood, USA');
INSERT INTO Suppliers (SupplierName, ContactName, Email, Phone, Address) VALUES (N'Smith & Sons', N'Casey Davis', 'casey.davis@supplier.com', '(940) 651-1366', N'7029 Birch Ln., Riverside, USA');
INSERT INTO Suppliers (SupplierName, ContactName, Email, Phone, Address) VALUES (N'Jones & Sons', N'Alex Rodriguez', 'alex.rodriguez@supplier.com', '(890) 908-5624', N'9133 Spruce Dr., Springfield, USA');
INSERT INTO Suppliers (SupplierName, ContactName, Email, Phone, Address) VALUES (N'Miller & Sons', N'Morgan Brown', 'morgan.brown@supplier.com', '(628) 416-1550', N'4546 Pine Rd., Franklin, USA');
INSERT INTO Suppliers (SupplierName, ContactName, Email, Phone, Address) VALUES (N'Davis & Sons', N'Jamie Williams', 'jamie.williams@supplier.com', '(480) 405-8935', N'6626 Spruce Dr., Riverside, USA');
INSERT INTO Suppliers (SupplierName, ContactName, Email, Phone, Address) VALUES (N'Wilson & Sons', N'Taylor Brown', 'taylor.brown@supplier.com', '(858) 786-4228', N'2010 Maple Ave., Fairview, USA');
INSERT INTO Suppliers (SupplierName, ContactName, Email, Phone, Address) VALUES (N'Garcia & Sons', N'Jamie Rodriguez', 'jamie.rodriguez@supplier.com', '(260) 216-8857', N'7512 Oak St., Midway, USA');
INSERT INTO Suppliers (SupplierName, ContactName, Email, Phone, Address) VALUES (N'Johnson & Sons', N'Jamie Rodriguez', 'jamie.rodriguez@supplier.com', '(636) 990-4031', N'290 Willow Way, Springfield, USA');
INSERT INTO Suppliers (SupplierName, ContactName, Email, Phone, Address) VALUES (N'Miller & Sons', N'Quinn Smith', 'quinn.smith@supplier.com', '(744) 662-9260', N'5994 Oak St., Fairview, USA');
INSERT INTO Suppliers (SupplierName, ContactName, Email, Phone, Address) VALUES (N'Miller & Sons', N'Taylor Williams', 'taylor.williams@supplier.com', '(814) 550-6409', N'8071 Cedar Blvd., Riverside, USA');
INSERT INTO Suppliers (SupplierName, ContactName, Email, Phone, Address) VALUES (N'Williams & Sons', N'Hayden Davis', 'hayden.davis@supplier.com', '(886) 311-6572', N'484 Maple Ave., Midway, USA');
INSERT INTO Suppliers (SupplierName, ContactName, Email, Phone, Address) VALUES (N'Davis & Sons', N'Hayden Jones', 'hayden.jones@supplier.com', '(440) 956-2082', N'2904 Maple Ave., Greenville, USA');
INSERT INTO Suppliers (SupplierName, ContactName, Email, Phone, Address) VALUES (N'Garcia & Sons', N'Quinn Johnson', 'quinn.johnson@supplier.com', '(384) 736-5362', N'9742 Oak St., Midway, USA');
INSERT INTO Suppliers (SupplierName, ContactName, Email, Phone, Address) VALUES (N'Davis & Sons', N'Jamie Smith', 'jamie.smith@supplier.com', '(723) 932-4276', N'5867 Birch Ln., Springfield, USA');
INSERT INTO Suppliers (SupplierName, ContactName, Email, Phone, Address) VALUES (N'Rodriguez & Sons', N'Taylor Rodriguez', 'taylor.rodriguez@supplier.com', '(854) 103-4228', N'7596 Cedar Blvd., Franklin, USA');
INSERT INTO Suppliers (SupplierName, ContactName, Email, Phone, Address) VALUES (N'Johnson & Sons', N'Taylor Rodriguez', 'taylor.rodriguez@supplier.com', '(321) 270-7505', N'5946 Spruce Dr., Riverside, USA');
INSERT INTO Suppliers (SupplierName, ContactName, Email, Phone, Address) VALUES (N'Miller & Sons', N'Casey Garcia', 'casey.garcia@supplier.com', '(781) 689-6698', N'8470 Elm St., Oakwood, USA');
INSERT INTO Suppliers (SupplierName, ContactName, Email, Phone, Address) VALUES (N'Davis & Sons', N'Cameron Williams', 'cameron.williams@supplier.com', '(359) 898-3663', N'6954 Cedar Blvd., Midway, USA');

INSERT INTO Customers (CustomerName, Email, Phone, Address) VALUES (N'Alex Garcia', 'alex.garcia@customer.com', '(740) 204-4574', N'3245 Spruce Dr., Midway, USA');
INSERT INTO Customers (CustomerName, Email, Phone, Address) VALUES (N'Cameron Johnson', 'cameron.johnson@customer.com', '(542) 779-6220', N'3615 Elm St., Franklin, USA');
INSERT INTO Customers (CustomerName, Email, Phone, Address) VALUES (N'Hayden Smith', 'hayden.smith@customer.com', '(718) 652-8230', N'182 Spruce Dr., Greenville, USA');
INSERT INTO Customers (CustomerName, Email, Phone, Address) VALUES (N'Jamie Garcia', 'jamie.garcia@customer.com', '(904) 176-9266', N'3285 Pine Rd., Riverside, USA');
INSERT INTO Customers (CustomerName, Email, Phone, Address) VALUES (N'Jamie Garcia', 'jamie.garcia@customer.com', '(413) 111-8789', N'8236 Oak St., Springfield, USA');
INSERT INTO Customers (CustomerName, Email, Phone, Address) VALUES (N'Riley Johnson', 'riley.johnson@customer.com', '(755) 676-6276', N'6572 Elm St., Franklin, USA');
INSERT INTO Customers (CustomerName, Email, Phone, Address) VALUES (N'Hayden Johnson', 'hayden.johnson@customer.com', '(819) 170-9696', N'7236 Maple Ave., Riverside, USA');
INSERT INTO Customers (CustomerName, Email, Phone, Address) VALUES (N'Cameron Jones', 'cameron.jones@customer.com', '(900) 773-4527', N'559 Cedar Blvd., Springfield, USA');
INSERT INTO Customers (CustomerName, Email, Phone, Address) VALUES (N'Quinn Johnson', 'quinn.johnson@customer.com', '(394) 802-5569', N'5515 Pine Rd., Springfield, USA');
INSERT INTO Customers (CustomerName, Email, Phone, Address) VALUES (N'Cameron Smith', 'cameron.smith@customer.com', '(847) 951-5455', N'3470 Willow Way, Greenville, USA');
INSERT INTO Customers (CustomerName, Email, Phone, Address) VALUES (N'Cameron Smith', 'cameron.smith@customer.com', '(402) 797-1737', N'2953 Birch Ln., Springfield, USA');
INSERT INTO Customers (CustomerName, Email, Phone, Address) VALUES (N'Cameron Garcia', 'cameron.garcia@customer.com', '(602) 201-8482', N'8704 Elm St., Fairview, USA');
INSERT INTO Customers (CustomerName, Email, Phone, Address) VALUES (N'Hayden Brown', 'hayden.brown@customer.com', '(956) 836-4404', N'2474 Cedar Blvd., Greenville, USA');
INSERT INTO Customers (CustomerName, Email, Phone, Address) VALUES (N'Riley Rodriguez', 'riley.rodriguez@customer.com', '(391) 217-4569', N'4461 Pine Rd., Franklin, USA');
INSERT INTO Customers (CustomerName, Email, Phone, Address) VALUES (N'Morgan Wilson', 'morgan.wilson@customer.com', '(601) 440-9806', N'9813 Oak St., Fairview, USA');
INSERT INTO Customers (CustomerName, Email, Phone, Address) VALUES (N'Casey Garcia', 'casey.garcia@customer.com', '(678) 168-2310', N'6987 Pine Rd., Riverside, USA');
INSERT INTO Customers (CustomerName, Email, Phone, Address) VALUES (N'Quinn Jones', 'quinn.jones@customer.com', '(998) 191-1011', N'8731 Pine Rd., Greenville, USA');
INSERT INTO Customers (CustomerName, Email, Phone, Address) VALUES (N'Alex Rodriguez', 'alex.rodriguez@customer.com', '(608) 281-1589', N'3765 Spruce Dr., Greenville, USA');
INSERT INTO Customers (CustomerName, Email, Phone, Address) VALUES (N'Casey Jones', 'casey.jones@customer.com', '(424) 274-2806', N'6713 Elm St., Greenville, USA');
INSERT INTO Customers (CustomerName, Email, Phone, Address) VALUES (N'Cameron Johnson', 'cameron.johnson@customer.com', '(359) 720-2921', N'5019 Willow Way, Greenville, USA');
INSERT INTO Customers (CustomerName, Email, Phone, Address) VALUES (N'Casey Rodriguez', 'casey.rodriguez@customer.com', '(874) 623-8131', N'8996 Maple Ave., Franklin, USA');
INSERT INTO Customers (CustomerName, Email, Phone, Address) VALUES (N'Riley Johnson', 'riley.johnson@customer.com', '(369) 257-3886', N'2658 Maple Ave., Springfield, USA');
INSERT INTO Customers (CustomerName, Email, Phone, Address) VALUES (N'Quinn Rodriguez', 'quinn.rodriguez@customer.com', '(602) 294-2490', N'3838 Spruce Dr., Greenville, USA');
INSERT INTO Customers (CustomerName, Email, Phone, Address) VALUES (N'Casey Rodriguez', 'casey.rodriguez@customer.com', '(344) 624-5556', N'5766 Birch Ln., Riverside, USA');
INSERT INTO Customers (CustomerName, Email, Phone, Address) VALUES (N'Quinn Miller', 'quinn.miller@customer.com', '(450) 478-6116', N'1321 Cedar Blvd., Springfield, USA');
INSERT INTO Customers (CustomerName, Email, Phone, Address) VALUES (N'Riley Smith', 'riley.smith@customer.com', '(532) 147-2354', N'6781 Pine Rd., Midway, USA');
INSERT INTO Customers (CustomerName, Email, Phone, Address) VALUES (N'Quinn Wilson', 'quinn.wilson@customer.com', '(388) 178-1062', N'8996 Maple Ave., Greenville, USA');
INSERT INTO Customers (CustomerName, Email, Phone, Address) VALUES (N'Jordan Johnson', 'jordan.johnson@customer.com', '(984) 193-6760', N'7024 Cedar Blvd., Oakwood, USA');
INSERT INTO Customers (CustomerName, Email, Phone, Address) VALUES (N'Alex Johnson', 'alex.johnson@customer.com', '(961) 872-1501', N'8217 Birch Ln., Fairview, USA');
INSERT INTO Customers (CustomerName, Email, Phone, Address) VALUES (N'Cameron Williams', 'cameron.williams@customer.com', '(841) 373-3976', N'9774 Birch Ln., Riverside, USA');
INSERT INTO Customers (CustomerName, Email, Phone, Address) VALUES (N'Taylor Garcia', 'taylor.garcia@customer.com', '(302) 957-4454', N'1628 Maple Ave., Oakwood, USA');
INSERT INTO Customers (CustomerName, Email, Phone, Address) VALUES (N'Casey Williams', 'casey.williams@customer.com', '(541) 219-9080', N'7299 Pine Rd., Springfield, USA');
INSERT INTO Customers (CustomerName, Email, Phone, Address) VALUES (N'Alex Miller', 'alex.miller@customer.com', '(918) 152-4390', N'5759 Pine Rd., Riverside, USA');
INSERT INTO Customers (CustomerName, Email, Phone, Address) VALUES (N'Alex Jones', 'alex.jones@customer.com', '(393) 938-6019', N'2223 Oak St., Greenville, USA');
INSERT INTO Customers (CustomerName, Email, Phone, Address) VALUES (N'Hayden Brown', 'hayden.brown@customer.com', '(891) 633-2430', N'5830 Spruce Dr., Oakwood, USA');
INSERT INTO Customers (CustomerName, Email, Phone, Address) VALUES (N'Taylor Smith', 'taylor.smith@customer.com', '(836) 979-4409', N'4785 Oak St., Springfield, USA');
INSERT INTO Customers (CustomerName, Email, Phone, Address) VALUES (N'Morgan Miller', 'morgan.miller@customer.com', '(652) 235-4247', N'8787 Willow Way, Franklin, USA');
INSERT INTO Customers (CustomerName, Email, Phone, Address) VALUES (N'Taylor Johnson', 'taylor.johnson@customer.com', '(222) 302-5621', N'7047 Birch Ln., Greenville, USA');
INSERT INTO Customers (CustomerName, Email, Phone, Address) VALUES (N'Taylor Smith', 'taylor.smith@customer.com', '(718) 515-3839', N'7155 Oak St., Springfield, USA');
INSERT INTO Customers (CustomerName, Email, Phone, Address) VALUES (N'Jamie Johnson', 'jamie.johnson@customer.com', '(718) 382-1911', N'8574 Maple Ave., Greenville, USA');


INSERT INTO Products (ProductName, Description, Category, UnitPrice, SupplierID) VALUES (N'Mini Item', N'Mini Item for everyday use', N'Home & Kitchen', 359.26, 36);
INSERT INTO Products (ProductName, Description, Category, UnitPrice, SupplierID) VALUES (N'Smart Device', N'Smart Device for everyday use', N'Home & Kitchen', 278.97, 5);
INSERT INTO Products (ProductName, Description, Category, UnitPrice, SupplierID) VALUES (N'Smart Widget', N'Smart Widget for everyday use', N'Books', 183.5, 34);
INSERT INTO Products (ProductName, Description, Category, UnitPrice, SupplierID) VALUES (N'Power Device', N'Power Device for everyday use', N'Apparel', 67.98, 9);
INSERT INTO Products (ProductName, Description, Category, UnitPrice, SupplierID) VALUES (N'Flex Widget', N'Flex Widget for everyday use', N'Electronics', 49.8, 31);
INSERT INTO Products (ProductName, Description, Category, UnitPrice, SupplierID) VALUES (N'Power Widget', N'Power Widget for everyday use', N'Apparel', 141.81, 29);
INSERT INTO Products (ProductName, Description, Category, UnitPrice, SupplierID) VALUES (N'Max Tool', N'Max Tool for everyday use', N'Apparel', 230.71, 32);
INSERT INTO Products (ProductName, Description, Category, UnitPrice, SupplierID) VALUES (N'Pro Item', N'Pro Item for everyday use', N'Books', 410.44, 27);
INSERT INTO Products (ProductName, Description, Category, UnitPrice, SupplierID) VALUES (N'Pro Widget', N'Pro Widget for everyday use', N'Apparel', 141.76, 21);
INSERT INTO Products (ProductName, Description, Category, UnitPrice, SupplierID) VALUES (N'Flex Widget', N'Flex Widget for everyday use', N'Toys', 435.61, 32);
INSERT INTO Products (ProductName, Description, Category, UnitPrice, SupplierID) VALUES (N'Power Device', N'Power Device for everyday use', N'Toys', 169.5, 11);
INSERT INTO Products (ProductName, Description, Category, UnitPrice, SupplierID) VALUES (N'Eco Gadget', N'Eco Gadget for everyday use', N'Apparel', 467.07, 7);
INSERT INTO Products (ProductName, Description, Category, UnitPrice, SupplierID) VALUES (N'Max Gadget', N'Max Gadget for everyday use', N'Electronics', 432.11, 3);
INSERT INTO Products (ProductName, Description, Category, UnitPrice, SupplierID) VALUES (N'Eco Widget', N'Eco Widget for everyday use', N'Home & Kitchen', 457.08, 29);
INSERT INTO Products (ProductName, Description, Category, UnitPrice, SupplierID) VALUES (N'Power Tool', N'Power Tool for everyday use', N'Books', 268.15, 13);
INSERT INTO Products (ProductName, Description, Category, UnitPrice, SupplierID) VALUES (N'Max Widget', N'Max Widget for everyday use', N'Apparel', 373.98, 8);
INSERT INTO Products (ProductName, Description, Category, UnitPrice, SupplierID) VALUES (N'Mini Device', N'Mini Device for everyday use', N'Toys', 260.58, 32);
INSERT INTO Products (ProductName, Description, Category, UnitPrice, SupplierID) VALUES (N'Max Device', N'Max Device for everyday use', N'Toys', 443.86, 17);
INSERT INTO Products (ProductName, Description, Category, UnitPrice, SupplierID) VALUES (N'Flex Widget', N'Flex Widget for everyday use', N'Home & Kitchen', 464.53, 39);
INSERT INTO Products (ProductName, Description, Category, UnitPrice, SupplierID) VALUES (N'Ultra Widget', N'Ultra Widget for everyday use', N'Toys', 42.81, 17);
INSERT INTO Products (ProductName, Description, Category, UnitPrice, SupplierID) VALUES (N'Power Gadget', N'Power Gadget for everyday use', N'Toys', 271.92, 6);
INSERT INTO Products (ProductName, Description, Category, UnitPrice, SupplierID) VALUES (N'Power Item', N'Power Item for everyday use', N'Toys', 93.62, 16);
INSERT INTO Products (ProductName, Description, Category, UnitPrice, SupplierID) VALUES (N'Power Device', N'Power Device for everyday use', N'Apparel', 74.56, 23);
INSERT INTO Products (ProductName, Description, Category, UnitPrice, SupplierID) VALUES (N'Flex Tool', N'Flex Tool for everyday use', N'Books', 328.77, 5);
INSERT INTO Products (ProductName, Description, Category, UnitPrice, SupplierID) VALUES (N'Eco Widget', N'Eco Widget for everyday use', N'Apparel', 346.23, 19);
INSERT INTO Products (ProductName, Description, Category, UnitPrice, SupplierID) VALUES (N'Ultra Device', N'Ultra Device for everyday use', N'Books', 166.49, 7);
INSERT INTO Products (ProductName, Description, Category, UnitPrice, SupplierID) VALUES (N'Max Item', N'Max Item for everyday use', N'Sports', 423.91, 13);
INSERT INTO Products (ProductName, Description, Category, UnitPrice, SupplierID) VALUES (N'Power Item', N'Power Item for everyday use', N'Books', 196.17, 14);
INSERT INTO Products (ProductName, Description, Category, UnitPrice, SupplierID) VALUES (N'Pro Gadget', N'Pro Gadget for everyday use', N'Toys', 432.43, 23);
INSERT INTO Products (ProductName, Description, Category, UnitPrice, SupplierID) VALUES (N'Flex Item', N'Flex Item for everyday use', N'Electronics', 8.19, 14);
INSERT INTO Products (ProductName, Description, Category, UnitPrice, SupplierID) VALUES (N'Flex Gadget', N'Flex Gadget for everyday use', N'Toys', 51.85, 22);
INSERT INTO Products (ProductName, Description, Category, UnitPrice, SupplierID) VALUES (N'Pro Item', N'Pro Item for everyday use', N'Toys', 436.37, 4);
INSERT INTO Products (ProductName, Description, Category, UnitPrice, SupplierID) VALUES (N'Pro Tool', N'Pro Tool for everyday use', N'Home & Kitchen', 239.97, 26);
INSERT INTO Products (ProductName, Description, Category, UnitPrice, SupplierID) VALUES (N'Mini Device', N'Mini Device for everyday use', N'Sports', 166.57, 7);
INSERT INTO Products (ProductName, Description, Category, UnitPrice, SupplierID) VALUES (N'Pro Widget', N'Pro Widget for everyday use', N'Apparel', 350.56, 5);
INSERT INTO Products (ProductName, Description, Category, UnitPrice, SupplierID) VALUES (N'Eco Widget', N'Eco Widget for everyday use', N'Books', 206.21, 15);
INSERT INTO Products (ProductName, Description, Category, UnitPrice, SupplierID) VALUES (N'Flex Tool', N'Flex Tool for everyday use', N'Electronics', 421.39, 37);
INSERT INTO Products (ProductName, Description, Category, UnitPrice, SupplierID) VALUES (N'Pro Tool', N'Pro Tool for everyday use', N'Electronics', 292.58, 4);
INSERT INTO Products (ProductName, Description, Category, UnitPrice, SupplierID) VALUES (N'Power Widget', N'Power Widget for everyday use', N'Apparel', 390.84, 19);

INSERT INTO Inventory (ProductID, QuantityInStock, ReorderLevel, LastRestockDate) VALUES (1, 19, 15, '2025-01-19');
INSERT INTO Inventory (ProductID, QuantityInStock, ReorderLevel, LastRestockDate) VALUES (2, 2, 12, '2025-01-01');
INSERT INTO Inventory (ProductID, QuantityInStock, ReorderLevel, LastRestockDate) VALUES (3, 78, 6, '2025-03-14');
INSERT INTO Inventory (ProductID, QuantityInStock, ReorderLevel, LastRestockDate) VALUES (4, 55, 10, '2025-02-05');
INSERT INTO Inventory (ProductID, QuantityInStock, ReorderLevel, LastRestockDate) VALUES (5, 98, 16, '2025-02-06');
INSERT INTO Inventory (ProductID, QuantityInStock, ReorderLevel, LastRestockDate) VALUES (6, 0, 17, '2025-02-16');
INSERT INTO Inventory (ProductID, QuantityInStock, ReorderLevel, LastRestockDate) VALUES (7, 35, 8, '2025-03-19');
INSERT INTO Inventory (ProductID, QuantityInStock, ReorderLevel, LastRestockDate) VALUES (8, 67, 16, '2025-01-27');
INSERT INTO Inventory (ProductID, QuantityInStock, ReorderLevel, LastRestockDate) VALUES (9, 69, 20, '2025-02-16');
INSERT INTO Inventory (ProductID, QuantityInStock, ReorderLevel, LastRestockDate) VALUES (10, 47, 18, '2025-01-11');
INSERT INTO Inventory (ProductID, QuantityInStock, ReorderLevel, LastRestockDate) VALUES (11, 87, 7, '2025-03-27');
INSERT INTO Inventory (ProductID, QuantityInStock, ReorderLevel, LastRestockDate) VALUES (12, 94, 10, '2025-04-09');
INSERT INTO Inventory (ProductID, QuantityInStock, ReorderLevel, LastRestockDate) VALUES (13, 23, 17, '2025-04-13');
INSERT INTO Inventory (ProductID, QuantityInStock, ReorderLevel, LastRestockDate) VALUES (14, 87, 18, '2025-01-10');
INSERT INTO Inventory (ProductID, QuantityInStock, ReorderLevel, LastRestockDate) VALUES (15, 81, 19, '2025-01-09');
INSERT INTO Inventory (ProductID, QuantityInStock, ReorderLevel, LastRestockDate) VALUES (16, 83, 7, '2025-04-11');
INSERT INTO Inventory (ProductID, QuantityInStock, ReorderLevel, LastRestockDate) VALUES (17, 92, 9, '2025-04-09');
INSERT INTO Inventory (ProductID, QuantityInStock, ReorderLevel, LastRestockDate) VALUES (18, 70, 17, '2025-02-04');
INSERT INTO Inventory (ProductID, QuantityInStock, ReorderLevel, LastRestockDate) VALUES (19, 72, 6, '2025-02-07');
INSERT INTO Inventory (ProductID, QuantityInStock, ReorderLevel, LastRestockDate) VALUES (20, 2, 12, '2025-01-17');
INSERT INTO Inventory (ProductID, QuantityInStock, ReorderLevel, LastRestockDate) VALUES (21, 76, 5, '2025-02-24');
INSERT INTO Inventory (ProductID, QuantityInStock, ReorderLevel, LastRestockDate) VALUES (22, 77, 16, '2025-01-13');
INSERT INTO Inventory (ProductID, QuantityInStock, ReorderLevel, LastRestockDate) VALUES (23, 69, 8, '2025-01-22');
INSERT INTO Inventory (ProductID, QuantityInStock, ReorderLevel, LastRestockDate) VALUES (24, 47, 14, '2025-03-29');
INSERT INTO Inventory (ProductID, QuantityInStock, ReorderLevel, LastRestockDate) VALUES (25, 15, 17, '2025-02-12');
INSERT INTO Inventory (ProductID, QuantityInStock, ReorderLevel, LastRestockDate) VALUES (26, 39, 20, '2025-02-10');
INSERT INTO Inventory (ProductID, QuantityInStock, ReorderLevel, LastRestockDate) VALUES (27, 73, 14, '2025-02-13');
INSERT INTO Inventory (ProductID, QuantityInStock, ReorderLevel, LastRestockDate) VALUES (28, 33, 9, '2025-02-10');
INSERT INTO Inventory (ProductID, QuantityInStock, ReorderLevel, LastRestockDate) VALUES (29, 31, 11, '2025-04-01');
INSERT INTO Inventory (ProductID, QuantityInStock, ReorderLevel, LastRestockDate) VALUES (30, 92, 16, '2025-01-05');
INSERT INTO Inventory (ProductID, QuantityInStock, ReorderLevel, LastRestockDate) VALUES (31, 55, 11, '2025-03-28');
INSERT INTO Inventory (ProductID, QuantityInStock, ReorderLevel, LastRestockDate) VALUES (32, 46, 11, '2025-01-22');
INSERT INTO Inventory (ProductID, QuantityInStock, ReorderLevel, LastRestockDate) VALUES (33, 56, 18, '2025-01-01');
INSERT INTO Inventory (ProductID, QuantityInStock, ReorderLevel, LastRestockDate) VALUES (34, 24, 19, '2025-03-01');
INSERT INTO Inventory (ProductID, QuantityInStock, ReorderLevel, LastRestockDate) VALUES (35, 10, 18, '2025-01-01');
INSERT INTO Inventory (ProductID, QuantityInStock, ReorderLevel, LastRestockDate) VALUES (36, 71, 6, '2025-04-11');
INSERT INTO Inventory (ProductID, QuantityInStock, ReorderLevel, LastRestockDate) VALUES (37, 4, 12, '2025-01-18');
INSERT INTO Inventory (ProductID, QuantityInStock, ReorderLevel, LastRestockDate) VALUES (38, 62, 5, '2025-02-07');
INSERT INTO Inventory (ProductID, QuantityInStock, ReorderLevel, LastRestockDate) VALUES (39, 84, 15, '2025-01-04');
INSERT INTO Inventory (ProductID, QuantityInStock, ReorderLevel, LastRestockDate) VALUES (40, 86, 9, '2025-04-16');


INSERT INTO Sales (CustomerID, SaleDate, TotalAmount) VALUES (30, '2025-03-23 23:05:55', 711.04);
INSERT INTO Sales (CustomerID, SaleDate, TotalAmount) VALUES (9, '2025-01-26 08:19:49', 1418.03);
INSERT INTO Sales (CustomerID, SaleDate, TotalAmount) VALUES (24, '2025-02-16 12:16:40', 1753.82);
INSERT INTO Sales (CustomerID, SaleDate, TotalAmount) VALUES (5, '2025-04-05 20:31:12', 1165.87);
INSERT INTO Sales (CustomerID, SaleDate, TotalAmount) VALUES (37, '2025-04-10 04:03:00', 463.14);
INSERT INTO Sales (CustomerID, SaleDate, TotalAmount) VALUES (9, '2025-02-12 02:31:17', 1860.83);
INSERT INTO Sales (CustomerID, SaleDate, TotalAmount) VALUES (7, '2025-02-02 11:58:22', 1258.9);
INSERT INTO Sales (CustomerID, SaleDate, TotalAmount) VALUES (30, '2025-01-10 18:09:52', 991.88);
INSERT INTO Sales (CustomerID, SaleDate, TotalAmount) VALUES (22, '2025-02-05 07:39:01', 1413.76);
INSERT INTO Sales (CustomerID, SaleDate, TotalAmount) VALUES (14, '2025-02-04 17:09:46', 1185.54);
INSERT INTO Sales (CustomerID, SaleDate, TotalAmount) VALUES (1, '2025-02-06 15:30:59', 167.89);
INSERT INTO Sales (CustomerID, SaleDate, TotalAmount) VALUES (17, '2025-01-12 15:37:15', 571.99);
INSERT INTO Sales (CustomerID, SaleDate, TotalAmount) VALUES (29, '2025-01-30 09:29:19', 212.97);
INSERT INTO Sales (CustomerID, SaleDate, TotalAmount) VALUES (22, '2025-03-11 09:38:17', 1124.57);
INSERT INTO Sales (CustomerID, SaleDate, TotalAmount) VALUES (35, '2025-03-21 09:08:45', 416.93);
INSERT INTO Sales (CustomerID, SaleDate, TotalAmount) VALUES (28, '2025-02-17 07:15:51', 510.12);
INSERT INTO Sales (CustomerID, SaleDate, TotalAmount) VALUES (34, '2025-04-11 04:34:51', 481.24);
INSERT INTO Sales (CustomerID, SaleDate, TotalAmount) VALUES (22, '2025-02-21 02:24:53', 1771.34);
INSERT INTO Sales (CustomerID, SaleDate, TotalAmount) VALUES (17, '2025-01-14 18:43:23', 825.87);
INSERT INTO Sales (CustomerID, SaleDate, TotalAmount) VALUES (5, '2025-01-27 23:54:48', 1718.9);
INSERT INTO Sales (CustomerID, SaleDate, TotalAmount) VALUES (11, '2025-04-04 06:36:20', 151.22);
INSERT INTO Sales (CustomerID, SaleDate, TotalAmount) VALUES (3, '2025-03-12 22:21:15', 751.36);
INSERT INTO Sales (CustomerID, SaleDate, TotalAmount) VALUES (22, '2025-03-29 17:09:00', 703.14);
INSERT INTO Sales (CustomerID, SaleDate, TotalAmount) VALUES (28, '2025-03-09 12:39:18', 792.34);
INSERT INTO Sales (CustomerID, SaleDate, TotalAmount) VALUES (14, '2025-01-17 21:40:12', 1784.33);
INSERT INTO Sales (CustomerID, SaleDate, TotalAmount) VALUES (7, '2025-03-08 04:26:51', 741.31);
INSERT INTO Sales (CustomerID, SaleDate, TotalAmount) VALUES (15, '2025-04-03 09:52:44', 606.28);
INSERT INTO Sales (CustomerID, SaleDate, TotalAmount) VALUES (36, '2025-04-09 09:07:05', 172.99);
INSERT INTO Sales (CustomerID, SaleDate, TotalAmount) VALUES (5, '2025-04-15 03:48:18', 1270.6);
INSERT INTO Sales (CustomerID, SaleDate, TotalAmount) VALUES (13, '2025-03-28 22:01:54', 454.56);
INSERT INTO Sales (CustomerID, SaleDate, TotalAmount) VALUES (28, '2025-02-24 15:57:24', 1362.04);
INSERT INTO Sales (CustomerID, SaleDate, TotalAmount) VALUES (24, '2025-04-20 10:03:36', 1762.01);
INSERT INTO Sales (CustomerID, SaleDate, TotalAmount) VALUES (22, '2025-03-21 04:29:48', 818.63);
INSERT INTO Sales (CustomerID, SaleDate, TotalAmount) VALUES (3, '2025-02-22 03:31:38', 882.11);
INSERT INTO Sales (CustomerID, SaleDate, TotalAmount) VALUES (18, '2025-04-14 05:46:43', 194.79);
INSERT INTO Sales (CustomerID, SaleDate, TotalAmount) VALUES (11, '2025-04-06 18:13:55', 1997.74);
INSERT INTO Sales (CustomerID, SaleDate, TotalAmount) VALUES (14, '2025-02-05 02:39:52', 1420.47);
INSERT INTO Sales (CustomerID, SaleDate, TotalAmount) VALUES (26, '2025-02-17 04:08:27', 1683.69);
INSERT INTO Sales (CustomerID, SaleDate, TotalAmount) VALUES (1, '2025-02-10 23:06:08', 273.27);
INSERT INTO Sales (CustomerID, SaleDate, TotalAmount) VALUES (28, '2025-01-04 14:35:27', 1798.18);


INSERT INTO SalesDetails (SaleID, ProductID, Quantity, UnitPrice) VALUES (26, 27, 7, 326.04);
INSERT INTO SalesDetails (SaleID, ProductID, Quantity, UnitPrice) VALUES (26, 6, 2, 88.02);
INSERT INTO SalesDetails (SaleID, ProductID, Quantity, UnitPrice) VALUES (20, 40, 2, 470.79);
INSERT INTO SalesDetails (SaleID, ProductID, Quantity, UnitPrice) VALUES (22, 33, 4, 207.05);
INSERT INTO SalesDetails (SaleID, ProductID, Quantity, UnitPrice) VALUES (2, 38, 1, 84.09);
INSERT INTO SalesDetails (SaleID, ProductID, Quantity, UnitPrice) VALUES (30, 34, 2, 463.02);
INSERT INTO SalesDetails (SaleID, ProductID, Quantity, UnitPrice) VALUES (14, 3, 7, 251.17);
INSERT INTO SalesDetails (SaleID, ProductID, Quantity, UnitPrice) VALUES (7, 11, 4, 429.92);
INSERT INTO SalesDetails (SaleID, ProductID, Quantity, UnitPrice) VALUES (5, 34, 4, 373.67);
INSERT INTO SalesDetails (SaleID, ProductID, Quantity, UnitPrice) VALUES (19, 21, 5, 12.63);
INSERT INTO SalesDetails (SaleID, ProductID, Quantity, UnitPrice) VALUES (2, 13, 2, 429.18);
INSERT INTO SalesDetails (SaleID, ProductID, Quantity, UnitPrice) VALUES (14, 40, 3, 491.72);
INSERT INTO SalesDetails (SaleID, ProductID, Quantity, UnitPrice) VALUES (40, 8, 9, 274.5);
INSERT INTO SalesDetails (SaleID, ProductID, Quantity, UnitPrice) VALUES (11, 25, 4, 316.07);
INSERT INTO SalesDetails (SaleID, ProductID, Quantity, UnitPrice) VALUES (31, 30, 7, 449.04);
INSERT INTO SalesDetails (SaleID, ProductID, Quantity, UnitPrice) VALUES (29, 29, 3, 351.43);
INSERT INTO SalesDetails (SaleID, ProductID, Quantity, UnitPrice) VALUES (23, 8, 2, 361.01);
INSERT INTO SalesDetails (SaleID, ProductID, Quantity, UnitPrice) VALUES (16, 34, 3, 418.7);
INSERT INTO SalesDetails (SaleID, ProductID, Quantity, UnitPrice) VALUES (10, 31, 2, 457.18);
INSERT INTO SalesDetails (SaleID, ProductID, Quantity, UnitPrice) VALUES (11, 20, 7, 64.59);
INSERT INTO SalesDetails (SaleID, ProductID, Quantity, UnitPrice) VALUES (20, 3, 5, 252.06);
INSERT INTO SalesDetails (SaleID, ProductID, Quantity, UnitPrice) VALUES (30, 39, 2, 352.95);
INSERT INTO SalesDetails (SaleID, ProductID, Quantity, UnitPrice) VALUES (1, 21, 9, 56.3);
INSERT INTO SalesDetails (SaleID, ProductID, Quantity, UnitPrice) VALUES (6, 21, 3, 239.38);
INSERT INTO SalesDetails (SaleID, ProductID, Quantity, UnitPrice) VALUES (24, 19, 2, 84.33);
INSERT INTO SalesDetails (SaleID, ProductID, Quantity, UnitPrice) VALUES (16, 1, 10, 83.82);
INSERT INTO SalesDetails (SaleID, ProductID, Quantity, UnitPrice) VALUES (39, 12, 5, 182.03);
INSERT INTO SalesDetails (SaleID, ProductID, Quantity, UnitPrice) VALUES (27, 32, 4, 293.69);
INSERT INTO SalesDetails (SaleID, ProductID, Quantity, UnitPrice) VALUES (4, 10, 4, 401.42);
INSERT INTO SalesDetails (SaleID, ProductID, Quantity, UnitPrice) VALUES (31, 39, 8, 13.56);
INSERT INTO SalesDetails (SaleID, ProductID, Quantity, UnitPrice) VALUES (5, 34, 2, 277.61);
INSERT INTO SalesDetails (SaleID, ProductID, Quantity, UnitPrice) VALUES (2, 28, 7, 130.82);
INSERT INTO SalesDetails (SaleID, ProductID, Quantity, UnitPrice) VALUES (16, 21, 3, 491.05);
INSERT INTO SalesDetails (SaleID, ProductID, Quantity, UnitPrice) VALUES (11, 19, 7, 492.5);
INSERT INTO SalesDetails (SaleID, ProductID, Quantity, UnitPrice) VALUES (11, 32, 1, 352.97);
INSERT INTO SalesDetails (SaleID, ProductID, Quantity, UnitPrice) VALUES (12, 26, 2, 229.81);
INSERT INTO SalesDetails (SaleID, ProductID, Quantity, UnitPrice) VALUES (5, 15, 1, 348.65);
INSERT INTO SalesDetails (SaleID, ProductID, Quantity, UnitPrice) VALUES (18, 6, 5, 235.51);
INSERT INTO SalesDetails (SaleID, ProductID, Quantity, UnitPrice) VALUES (32, 32, 1, 283.21);
INSERT INTO SalesDetails (SaleID, ProductID, Quantity, UnitPrice) VALUES (2, 12, 5, 43.77);
