order_id,cust_id,product_id,store_code,order_time,quantity_ordered,price,payment
925669,348.0,84.0,S01,2025-06-02T17:37:59,10.0,USD 28.01,cash
532926,263.0,,S05,06/21/25,,USD 21.62,cash
664197,,99.0,S07,2025-06-03 04:12,5.0,USD 64.14,Credit Crad
293046,,49.0,09,2025-01-14T07:08:48,2.0,20.72,ACH
852479,358.0,8.0,Store-5,2025-01-28T07:37:56,8.0,$13.3,PayPal
558962,,38.0,S04,2025-01-01T07:02:07,,34.89,ACH
348174,,75.0,S09,2025-02-04 19:04,9.0,$66.17,Credit Crad
820271,93.0,35.0,02,2025-01-18T18:22:18,,USD 75.19,Credit Crad
642793,98.0,17.0,S05,07/11/25,8.0,USD 32.94,PayPal
420231,257.0,57.0,Store-4,2025-04-27 06:17,,62.52,Credit Crad
290517,,,Store-3,01/05/25,,16.01,Credit Card
814868,,,S05,2025-05-26 17:46,,$74.47,ACH
365454,,,10,2025-06-15 01:22,,24.66,Credit Card
527334,211.0,,Store-6,2025-05-03 04:44,,$34.62,cash
288828,162.0,,S07,2025-07-01 08:42,,5.71,pp
887436,84.0,84.0,Store-1,06/24/25,,USD 54.66,PayPal
590129,89.0,,Store-5,2025-03-20T02:42:48,7.0,$98.92,PayPal
845200,,86.0,02,02/22/25,,USD 59.85,Credit Crad
402409,,,S05,2025-01-19T10:38:35,,USD 38.37,Credit Card
331965,,,06,03/22/25,-1.0,26.32,cash
223541,,89.0,02,2025-04-15 11:36,,8.49,cash
920484,,17.0,08,2025-06-16 09:09,,USD 19.4,pp
354272,312.0,,03,2025-06-30 04:12,,78.27,cash
577350,,69.0,02,2025-01-22T14:00:33,,USD 44.26,Credit Card
994149,,,02,2025-01-13T17:10:47,,$29.26,pp
501931,366.0,25.0,S08,2025-06-18T10:31:41,,$99.12,cash
161798,,,03,2025-05-30 18:48,7.0,60.91,Credit Crad
638308,61.0,49.0,02,04/09/25,7.0,55.69,pp
269858,190.0,56.0,Store-10,2025-03-10T14:27:01,0.0,$91.2,Credit Card
212203,,,S08,2025-05-23 12:29,,USD 56.46,cash
296458,445.0,50.0,S08,2025-01-20T02:17:11,,$89.12,Credit Card
822617,192.0,,S08,2025-05-11T00:15:56,4.0,90.53,Credit Card
477114,,76.0,06,2025-05-15T20:03:55,,46.29,Credit Card
193677,441.0,45.0,01,2025-05-18T09:08:40,,$60.03,Credit Crad
289178,,49.0,Store-1,2025-06-15 23:10,,$98.94,Credit Crad
184315,273.0,20.0,S06,2025-04-24 16:48,4.0,$62.55,ACH
341373,,,04,04/24/25,,47.6,ACH
836976,244.0,80.0,Store-9,2025-01-11T10:02:31,,$67.54,ACH
171449,419.0,,Store-8,03/06/25,0.0,USD 15.28,Credit Crad
177819,,64.0,S02,05/24/25,,95.33,Credit Card
614947,144.0,,Store-1,04/11/25,,$9.44,PayPal
908064,122.0,,Store-1,2025-04-26T11:58:47,,USD 94.72,ACH
185239,,82.0,S03,2025-05-11 23:27,,$98.08,pp
737052,,,04,2025-01-12T18:58:33,,$71.42,Credit Card
639885,,69.0,10,2025-03-13T09:20:02,0.0,$85.11,cash
873362,344.0,,Store-9,04/20/25,1.0,3.58,pp
609791,,74.0,06,06/11/25,,91.11,pp
255512,308.0,66.0,S10,2025-03-08 16:02,,$87.47,cash
211061,,45.0,05,2025-01-31T21:26:27,,89.15,ACH
343711,302.0,,S10,2025-05-31T18:08:22,,$37.06,pp
384736,,,S03,2025-06-19 10:37,,USD 41.01,ACH
536723,340.0,,02,02/28/25,1.0,35.79,PayPal
364168,,,04,2025-04-09 19:49,,$15.43,cash
562891,205.0,48.0,02,2025-02-01T12:45:06,,USD 16.95,pp
759709,210.0,91.0,04,06/01/25,9.0,USD 5.09,ACH
553267,,,S01,2025-01-16T23:31:19,9.0,$57.64,cash
971738,,24.0,Store-9,2025-01-15T10:20:13,,76.24,pp
161843,106.0,,Store-7,2025-01-10 13:50,,12.63,ACH
634879,222.0,,S03,2025-04-17 23:02,0.0,$34.7,Credit Crad
218113,,30.0,S02,07/12/25,,14.16,Credit Crad
519268,459.0,52.0,S04,2025-06-15 18:57,,20.89,PayPal
662666,220.0,49.0,S03,2025-04-27 03:53,8.0,71.44,PayPal
222832,,,Store-9,2025-01-13T18:20:54,,$47.22,Credit Crad
900721,,,02,2025-05-19 23:19,,USD 78.38,Credit Card
275202,,,05,2025-01-13 20:53,,USD 25.62,cash
167037,,92.0,Store-4,03/27/25,,$41.98,pp
640767,,,Store-10,2025-04-21 12:49,,USD 24.46,PayPal
356378,357.0,,01,05/27/25,7.0,USD 98.26,PayPal
109173,,4.0,S05,2025-06-18T08:22:14,,44.72,Credit Crad
617210,,40.0,07,2025-01-01T22:38:25,-1.0,$52.41,cash
409515,368.0,47.0,S06,03/04/25,10.0,USD 58.66,PayPal
895820,,,S10,2025-04-23 22:00,10.0,$5.25,pp
619403,167.0,,01,2025-02-25 20:02,,20.61,ACH
308714,228.0,,Store-5,2025-02-26T16:10:00,,$64.31,pp
361137,,33.0,S06,2025-02-06 18:25,,USD 77.51,ACH
759775,403.0,19.0,S01,2025-04-07 01:25,,$89.35,Credit Crad
522471,,72.0,Store-5,07/10/25,,USD 50.83,ACH
618979,43.0,67.0,S03,2025-05-03T09:58:43,,$60.18,Credit Crad
742993,397.0,,08,01/12/25,6.0,USD 81.1,Credit Card
680486,,22.0,02,2025-07-09 10:10,1.0,USD 95.72,ACH
336450,,,05,01/25/25,,$26.96,PayPal
507882,,,S01,2025-04-18 17:08,,USD 86.04,ACH
146609,134.0,,Store-8,2025-03-01 19:50,,USD 78.07,Credit Card
972622,,,Store-9,2025-04-03T13:41:04,8.0,$88.43,Credit Card
900672,,,09,06/07/25,6.0,$18.49,cash
607350,,,Store-8,2025-02-24T23:06:50,7.0,$50.11,cash
794868,,,Store-10,2025-07-02 20:17,2.0,$88.39,pp
692842,,,10,01/27/25,,$22.32,ACH
248814,161.0,,04,2025-03-03 06:23,-1.0,37.66,Credit Card
207599,,8.0,06,2025-03-17T21:41:18,,USD 99.09,Credit Crad
162407,249.0,,Store-4,2025-04-17 01:46,6.0,$83.93,Credit Card
988947,29.0,4.0,Store-2,2025-05-25T05:11:21,6.0,USD 30.48,cash
167036,207.0,,02,2025-05-09T05:59:46,,62.52,Credit Crad
299914,101.0,,Store-9,2025-02-18T12:41:15,,$36.29,pp
973544,454.0,79.0,02,2025-02-10 17:48,9.0,$89.33,pp
788938,123.0,62.0,S09,04/03/25,-1.0,69.9,PayPal
606463,,13.0,Store-6,2025-06-19T22:40:57,1.0,USD 74.75,PayPal
973645,309.0,,S07,06/12/25,,USD 85.21,ACH
968105,360.0,98.0,S01,02/20/25,3.0,86.39,cash
889853,54.0,,Store-8,2025-05-25 06:58,10.0,USD 27.61,PayPal
194444,,74.0,S04,2025-01-02 12:14,-1.0,USD 18.33,Credit Crad
216215,,39.0,Store-1,04/25/25,,USD 5.46,PayPal
288583,,41.0,02,04/23/25,8.0,USD 56.11,ACH
706559,,11.0,05,2025-02-11 23:01,,USD 48.79,Credit Crad
396062,,52.0,08,06/10/25,8.0,50.52,Credit Card
477107,75.0,,Store-2,2025-01-13 17:45,3.0,USD 89.08,pp
267300,,,02,2025-03-19T18:49:33,6.0,USD 91.56,pp
104181,,86.0,Store-3,2025-05-02T01:03:19,,56.7,Credit Crad
933644,,,03,2025-03-04 22:51,,USD 41.8,PayPal
914603,213.0,,06,03/03/25,-1.0,$58.04,Credit Crad
256634,,,Store-4,2025-02-13 20:49,,77.46,PayPal
816823,449.0,,S04,2025-03-15 18:13,-1.0,$29.47,Credit Crad
937052,198.0,,Store-9,2025-03-09T01:01:18,,$63.37,Credit Crad
786259,,27.0,01,04/06/25,5.0,USD 65.18,PayPal
353824,398.0,,Store-6,2025-03-03 03:52,,$58.84,Credit Crad
888813,429.0,,Store-8,06/07/25,4.0,42.07,Credit Card
130148,439.0,,Store-3,06/30/25,7.0,$77.24,Credit Card
725342,442.0,,Store-6,2025-01-19 15:24,2.0,USD 55.77,pp
587121,,24.0,Store-6,03/19/25,10.0,$11.97,pp
241344,,,S09,2025-05-11T22:47:55,9.0,USD 66.56,pp
502207,,,04,2025-06-21T04:42:37,4.0,USD 71.82,PayPal
134921,483.0,,S04,02/02/25,10.0,33.42,pp
141243,245.0,,S02,2025-03-14 03:49,,68.02,Credit Crad
423189,115.0,,Store-8,2025-03-22T16:01:46,,USD 62.11,cash
585584,496.0,66.0,S07,2025-03-01T05:30:55,10.0,15.69,ACH
712391,,,02,2025-05-20T12:01:34,,USD 9.33,Credit Card
799407,,,02,2025-03-24 12:48,8.0,USD 50.98,PayPal
217655,,,S09,03/26/25,4.0,USD 56.58,PayPal
890081,397.0,70.0,S08,2025-04-28T03:28:43,10.0,13.17,ACH
849842,,,Store-6,06/10/25,,$61.66,PayPal
740133,217.0,18.0,Store-2,2025-03-31 05:34,,USD 54.94,Credit Card
632945,,94.0,Store-4,2025-05-28 19:27,,83.92,Credit Crad
974738,,17.0,Store-1,2025-02-16T05:07:35,,$92.28,Credit Crad
803332,,32.0,Store-2,2025-07-08 23:00,3.0,USD 68.21,ACH
731232,,,08,2025-05-01T19:53:53,,$88.14,ACH
889099,80.0,49.0,10,06/18/25,6.0,USD 72.21,PayPal
486413,,90.0,S08,07/04/25,,$51.93,Credit Card
134832,242.0,37.0,S07,2025-01-15T19:21:45,10.0,$65.24,PayPal
310057,294.0,,08,2025-03-30T18:23:52,,USD 56.09,cash
240031,276.0,46.0,Store-8,05/29/25,,USD 41.66,ACH
888300,230.0,,S10,2025-06-10 07:52,,USD 25.32,Credit Crad
143973,63.0,,06,2025-03-22T03:18:23,4.0,$98.77,Credit Crad
981355,,28.0,S08,02/12/25,,USD 41.02,Credit Crad
757920,,,S05,05/12/25,6.0,86.77,PayPal
449578,415.0,46.0,S02,2025-04-21T00:18:10,7.0,USD 93.26,cash
210152,350.0,4.0,04,2025-04-27 02:28,8.0,$24.29,Credit Crad
140105,323.0,,10,2025-01-19 23:49,,20.56,Credit Card
963660,499.0,5.0,S01,03/01/25,0.0,$14.09,pp
383287,498.0,,01,2025-07-07 07:57,-1.0,15.16,Credit Card
557052,376.0,45.0,Store-1,2025-04-05T21:35:18,0.0,81.54,Credit Card
108209,,13.0,Store-8,2025-03-11T20:10:15,,31.93,ACH
527625,227.0,,Store-7,2025-07-05T12:01:18,,$12.22,pp
859543,,,Store-1,2025-01-24 21:07,4.0,USD 52.01,ACH
393149,207.0,,S02,2025-03-31 13:16,-1.0,USD 40.07,pp
678782,,,S01,04/21/25,,USD 37.61,ACH
450983,316.0,65.0,S08,2025-06-07 18:46,,$58.11,Credit Crad
370388,462.0,,S01,2025-01-14 23:22,0.0,44.39,ACH
533831,,,Store-8,2025-02-15 16:56,,76.3,cash
324701,433.0,28.0,S05,2025-05-11T23:50:38,,35.7,PayPal
475258,,52.0,Store-5,03/07/25,,USD 22.27,PayPal
671954,,,03,2025-04-21 15:11,10.0,USD 14.56,ACH
143470,,92.0,S04,2025-04-29 10:59,2.0,71.32,cash
961900,,49.0,Store-7,2025-04-29T03:17:12,,12.81,cash
434086,102.0,,05,02/08/25,-1.0,91.87,Credit Card
250435,133.0,26.0,Store-9,05/08/25,6.0,USD 44.51,ACH
261528,273.0,37.0,10,2025-03-03T23:20:11,10.0,$34.37,pp
217619,379.0,,S02,2025-05-25T07:40:19,,USD 48.92,Credit Crad
792438,,47.0,S10,2025-03-28 20:07,,USD 23.96,cash
872193,276.0,15.0,Store-2,2025-06-14T04:54:47,6.0,10.63,ACH
530670,69.0,,S05,2025-05-20T06:29:06,0.0,87.52,ACH
980331,336.0,,Store-8,01/16/25,,42.23,Credit Card
388683,,,S02,01/19/25,,63.98,cash
107124,,62.0,10,2025-02-06 10:00,,USD 72.68,pp
409666,,,Store-8,02/04/25,8.0,USD 60.49,Credit Card
266800,,79.0,S08,2025-07-04 03:11,4.0,$53.66,ACH
118322,141.0,42.0,Store-7,06/03/25,5.0,$96.88,ACH
593485,,59.0,Store-6,04/01/25,5.0,USD 62.4,PayPal
709736,62.0,,05,2025-05-02 06:10,,46.29,cash
159964,357.0,29.0,Store-1,2025-03-27T21:31:22,9.0,49.75,ACH
688166,,21.0,06,2025-06-12T21:52:49,,USD 71.08,Credit Card
928001,136.0,35.0,S05,2025-04-23T03:32:34,3.0,USD 47.37,Credit Card
381748,347.0,93.0,S02,01/05/25,,54.59,cash
184198,,18.0,Store-3,2025-05-24 03:22,,$54.59,pp
156681,,,Store-1,2025-01-23 19:16,5.0,USD 50.64,Credit Crad
147133,360.0,,Store-4,2025-05-12 13:22,,USD 21.96,ACH
682656,20.0,,04,2025-04-18 07:58,,$94.29,pp
504924,165.0,,Store-10,05/10/25,5.0,61.65,cash
826933,,35.0,Store-3,2025-04-24 08:58,,58.67,pp
597859,,4.0,S07,2025-03-29 02:50,10.0,62.73,Credit Crad
406773,491.0,72.0,09,01/20/25,8.0,$16.87,Credit Crad
351792,254.0,11.0,01,03/05/25,,USD 18.33,PayPal
315292,179.0,61.0,Store-4,2025-02-17 09:04,9.0,USD 59.46,ACH
836334,434.0,,Store-6,2025-06-18 10:44,,90.2,Credit Card
969956,,81.0,02,2025-06-04T03:44:55,,$35.36,cash
588321,258.0,31.0,05,07/08/25,,2.83,cash
753576,91.0,,S05,2025-06-21T03:33:37,,USD 60.38,cash
220873,468.0,27.0,Store-9,03/19/25,,28.89,Credit Card
508023,81.0,,05,2025-04-21 03:05,,USD 13.21,cash
796337,,,S10,2025-04-15T22:37:05,9.0,$55.37,Credit Card
571328,104.0,,Store-5,2025-03-06 02:03,,$24.27,ACH
565265,237.0,86.0,Store-6,2025-04-19 19:22,5.0,USD 41.45,ACH
223157,,,S07,2025-03-13T12:08:16,,USD 32.58,cash
549690,392.0,1.0,09,2025-05-14T20:32:27,0.0,USD 93.87,PayPal
225137,427.0,8.0,10,2025-06-16T12:43:53,10.0,62.46,ACH
906931,,7.0,S05,2025-04-04T04:20:06,,$10.59,PayPal
407078,106.0,46.0,Store-7,2025-01-22 18:17,,USD 9.23,Credit Card
893987,,,S07,2025-06-05 19:26,,USD 98.81,cash
161913,,17.0,S09,2025-03-17T00:26:14,8.0,1.48,pp
925639,91.0,20.0,10,2025-03-09 01:47,,USD 47.1,Credit Card
937305,180.0,8.0,07,2025-05-25 21:30,,68.37,Credit Crad
482172,,73.0,Store-1,2025-01-20 13:08,,$61.05,PayPal
976404,194.0,,06,2025-02-05 07:12,8.0,$8.84,Credit Crad
442123,,33.0,S07,2025-06-08 07:22,7.0,USD 9.17,PayPal
347356,,20.0,S03,2025-02-03 20:20,,$88.44,Credit Card
569597,470.0,26.0,04,2025-01-26 07:36,,USD 98.05,Credit Crad
366966,43.0,17.0,Store-2,2025-03-06T22:14:51,6.0,75.62,pp
317802,,,S05,06/06/25,6.0,22.04,ACH
397922,,90.0,Store-9,2025-04-08 11:25,4.0,14.28,Credit Card
351101,,,S02,2025-04-26T10:50:41,9.0,USD 75.25,Credit Crad
722749,,98.0,Store-10,2025-01-28 05:03,6.0,64.69,ACH
842230,235.0,86.0,S05,2025-05-17 13:55,4.0,USD 97.03,Credit Crad
608237,,,01,2025-05-31 15:29,,5.83,Credit Card
474153,,20.0,01,2025-03-10T04:55:06,,$27.99,PayPal
195988,,80.0,01,04/12/25,5.0,$80.9,ACH
527236,266.0,,01,2025-06-21T21:14:47,,63.32,PayPal
636431,374.0,65.0,S06,2025-04-20T22:26:33,2.0,67.73,cash
663238,,86.0,S06,05/18/25,4.0,USD 41.31,Credit Crad
787314,353.0,17.0,S05,2025-06-19 16:00,2.0,18.59,pp
887754,,,S03,2025-05-28T03:29:18,2.0,USD 8.83,cash
855590,46.0,59.0,S08,2025-06-14 03:02,7.0,USD 44.32,pp
817423,,48.0,S08,2025-01-25 14:44,,$74.19,pp
209179,,67.0,Store-9,01/13/25,,$65.31,PayPal
296522,,,06,2025-01-06 08:44,,$99.48,cash
829461,13.0,,Store-5,2025-06-29T02:05:30,5.0,$45.3,pp
234851,315.0,,S08,05/30/25,,29.24,cash
671255,,,S09,02/11/25,-1.0,$41.84,ACH
716191,258.0,,10,2025-05-24 17:12,9.0,USD 99.46,cash
866818,,91.0,10,2025-04-01 06:07,,USD 89.47,ACH
307422,243.0,,Store-3,02/17/25,,USD 22.62,PayPal
866649,,69.0,Store-7,2025-03-31T07:56:02,,$73.53,Credit Card
330294,195.0,,S02,2025-07-03 19:28,,USD 27.9,pp
991345,194.0,42.0,S04,2025-05-21T16:52:46,,USD 11.59,Credit Card
433583,304.0,,Store-1,01/21/25,1.0,USD 64.44,Credit Crad
630078,201.0,76.0,04,2025-07-01T10:13:55,,$78.21,cash
792054,112.0,69.0,Store-1,2025-03-16 12:12,8.0,$56.22,ACH
376923,,65.0,Store-1,03/08/25,,USD 68.33,PayPal
582479,,69.0,Store-8,2025-03-05T01:42:52,,$10.29,cash
368151,391.0,,S03,2025-04-30T10:27:32,,$62.75,PayPal
373247,173.0,66.0,Store-3,2025-02-02T11:09:57,,$54.37,pp
986499,491.0,,S06,2025-03-04T16:41:42,,25.07,cash
831811,,94.0,Store-5,2025-05-20 07:23,2.0,84.96,PayPal
248727,,,06,2025-01-21T05:08:02,,$70.93,PayPal
213292,325.0,44.0,S09,05/23/25,,USD 13.8,Credit Card
986430,,52.0,06,06/16/25,0.0,USD 83.1,ACH
501814,,,Store-8,2025-05-22 19:34,9.0,USD 60.85,Credit Card
132596,218.0,53.0,Store-1,2025-05-16 19:52,3.0,89.15,Credit Crad
698169,,22.0,06,2025-05-08 09:17,,28.6,Credit Card
978723,42.0,,S03,2025-06-12 03:43,10.0,99.28,ACH
724916,,29.0,02,06/08/25,,$17.4,cash
219788,443.0,,08,2025-04-01 05:04,,$69.39,cash
717298,,,07,2025-06-04T06:04:01,9.0,$79.84,Credit Card
157218,,,S04,03/09/25,6.0,16.85,cash
623035,,59.0,Store-7,2025-01-28T22:07:29,,26.9,Credit Card
765302,,,S05,04/16/25,,91.26,Credit Card
456885,,15.0,S08,2025-03-21T15:23:32,7.0,USD 3.83,Credit Card
260341,,,Store-5,2025-06-30 00:22,6.0,USD 47.04,PayPal
286453,,27.0,S03,2025-01-16 09:40,,5.85,pp
740550,360.0,43.0,Store-7,2025-03-29 01:57,,$68.63,Credit Crad
131313,,,Store-10,03/24/25,5.0,$67.51,pp
991352,46.0,,S04,05/11/25,,USD 30.52,Credit Card
358234,,32.0,Store-10,2025-02-16T07:36:41,0.0,USD 64.15,PayPal
697745,,,Store-2,2025-02-21T08:50:07,2.0,99.72,PayPal
615035,,48.0,Store-7,03/23/25,10.0,27.48,cash
964429,,,10,2025-05-03T17:23:39,,63.81,pp
932117,482.0,,Store-8,2025-02-28 12:48,4.0,USD 71.03,PayPal
349540,,67.0,S09,2025-05-11 11:27,,USD 26.92,pp
741195,189.0,,S01,2025-02-20 06:37,,52.81,cash
880387,27.0,,S08,04/13/25,,USD 52.21,Credit Card
432962,157.0,86.0,02,06/27/25,,$5.01,Credit Card
304465,,36.0,S05,2025-02-07 22:23,5.0,57.16,cash
272548,413.0,41.0,08,2025-02-22 06:33,,90.19,cash
408483,186.0,55.0,02,06/07/25,,$26.8,ACH
389906,205.0,49.0,S06,2025-02-25 23:19,,USD 77.39,PayPal
673724,75.0,,S02,03/13/25,,$84.97,cash
744004,,,Store-5,2025-05-18T19:17:52,,USD 31.54,pp
224618,,,Store-1,2025-06-27 16:06,4.0,$20.19,ACH
473066,,,Store-8,05/31/25,6.0,46.83,PayPal
633658,,9.0,Store-3,2025-05-04T11:04:08,2.0,USD 57.12,Credit Crad
785723,,56.0,S04,2025-01-30T23:51:24,5.0,USD 96.97,cash
556645,,30.0,S09,03/18/25,8.0,48.56,PayPal
218661,,8.0,Store-5,2025-06-20T22:14:57,7.0,USD 34.71,PayPal
925089,,,01,2025-01-23 14:54,9.0,$96.23,Credit Crad
707602,127.0,,03,03/08/25,,48.24,Credit Card
200890,,77.0,S07,03/12/25,,$52.34,cash
455586,174.0,56.0,05,03/28/25,,27.43,Credit Crad
772311,167.0,,S03,03/22/25,,$19.4,cash
775841,,,09,2025-03-17T16:00:08,,$1.72,Credit Card
538195,,40.0,Store-6,02/22/25,10.0,90.6,cash
567597,,30.0,07,2025-06-05 17:50,,USD 78.26,cash
783140,93.0,34.0,S10,03/24/25,,USD 61.98,Credit Card
875661,371.0,15.0,Store-10,2025-01-23 06:25,,$13.96,Credit Crad
617616,324.0,,S05,2025-03-11 01:27,,USD 4.66,PayPal
383286,181.0,82.0,09,2025-04-15T19:51:05,-1.0,USD 65.15,Credit Card
784544,,,Store-7,2025-03-20 02:31,,$55.01,Credit Crad
646987,,78.0,Store-8,05/10/25,,94.31,cash
331676,,,Store-4,2025-04-03T23:36:25,4.0,97.02,pp
720224,,33.0,02,01/16/25,0.0,USD 90.07,pp
234427,30.0,,07,01/04/25,5.0,78.11,Credit Crad
801979,477.0,71.0,07,2025-06-28T08:16:25,1.0,USD 49.01,PayPal
809415,,13.0,Store-9,03/11/25,,36.17,Credit Card
139575,,19.0,05,05/27/25,,$65.29,ACH
986725,,55.0,05,02/22/25,8.0,9.38,pp
982896,319.0,,Store-1,2025-01-03T06:35:48,,$16.65,pp
367908,398.0,3.0,S10,03/07/25,1.0,$11.31,ACH
260956,24.0,88.0,08,2025-04-05 13:34,,USD 6.68,cash
859806,486.0,,Store-10,2025-01-12T12:18:51,,73.92,pp
257598,,,Store-6,01/28/25,-1.0,USD 27.65,cash
454674,11.0,12.0,S05,2025-05-21 17:59,,$24.13,Credit Card
974873,,,S01,2025-07-11 10:54,10.0,25.19,PayPal
220006,475.0,,Store-6,2025-06-14T05:16:37,1.0,33.11,Credit Card
116882,466.0,99.0,05,2025-03-02 07:35,,75.71,PayPal
115348,157.0,43.0,09,2025-07-11T08:42:48,,USD 63.08,Credit Crad
334242,,19.0,S09,2025-02-13T13:17:48,2.0,46.83,Credit Card
708371,,61.0,Store-6,04/29/25,1.0,56.9,ACH
652237,,52.0,01,2025-01-12 04:20,10.0,59.68,Credit Card
187621,,,09,2025-05-03 04:22,,89.68,Credit Card
986280,358.0,,05,2025-03-09 17:22,8.0,$37.73,pp
672167,,,08,2025-05-24 20:59,-1.0,10.01,Credit Crad
640430,259.0,34.0,Store-7,04/10/25,0.0,USD 17.35,cash
142080,,11.0,10,2025-01-16 19:37,4.0,USD 49.5,ACH
294325,125.0,42.0,S07,2025-04-18 12:29,8.0,USD 41.06,Credit Crad
653693,,,S08,06/17/25,3.0,24.37,PayPal
231285,379.0,2.0,Store-7,2025-03-25 12:01,,80.0,PayPal
607909,,28.0,S05,02/12/25,,$88.71,Credit Card
458524,,43.0,Store-10,2025-02-02 18:21,5.0,$30.59,Credit Crad
841765,308.0,,S09,2025-05-26T03:27:31,9.0,53.71,pp
142987,402.0,,Store-1,2025-03-25 00:54,2.0,77.54,pp
909472,,65.0,03,2025-05-06 17:30,,$35.31,PayPal
124538,496.0,51.0,Store-4,02/16/25,,21.82,ACH
211021,,61.0,S09,2025-01-20 14:44,,38.48,Credit Crad
525720,223.0,,S08,2025-06-21 21:43,8.0,97.37,ACH
722271,,24.0,09,04/09/25,2.0,USD 80.23,pp
282991,133.0,44.0,S06,2025-05-09T01:03:31,0.0,$86.75,cash
944182,,34.0,Store-9,2025-04-11 04:17,6.0,28.29,PayPal
529077,110.0,2.0,Store-7,07/05/25,3.0,USD 22.11,cash
800109,238.0,43.0,S10,2025-04-24T04:31:03,,$89.08,ACH
353814,,,07,2025-01-16 14:53,,$72.55,cash
851964,360.0,99.0,S08,2025-06-09 15:02,,$55.26,cash
122407,,,Store-1,2025-01-08 17:03,10.0,94.03,PayPal
813420,,,S04,2025-03-01T11:48:16,5.0,USD 40.44,ACH
650632,44.0,,02,2025-07-03T18:59:47,,USD 5.7,Credit Crad
781476,,,S06,05/27/25,,27.77,Credit Card
748801,221.0,,04,2025-05-17T03:13:57,2.0,$33.14,Credit Card
842893,,93.0,Store-10,03/18/25,5.0,19.27,cash
918378,283.0,43.0,S10,2025-07-09 06:47,,23.74,pp
583840,,,S07,2025-05-09 15:18,,$58.13,PayPal
715018,,,02,01/08/25,,USD 71.9,ACH
284812,416.0,,S04,05/12/25,,17.77,PayPal
850329,323.0,53.0,S03,2025-06-11T01:11:16,5.0,USD 83.12,ACH
697559,240.0,33.0,Store-8,01/17/25,,USD 5.2,Credit Crad
289362,135.0,80.0,Store-1,2025-03-25 15:34,,74.6,pp
529219,106.0,,Store-6,2025-01-17T02:04:40,,39.06,Credit Crad
424136,227.0,74.0,06,06/26/25,,59.41,Credit Card
583853,,,Store-10,2025-06-19T01:41:41,,39.8,pp
524826,413.0,,09,2025-01-23T02:59:27,3.0,89.68,pp
270365,37.0,80.0,09,2025-03-07T08:32:16,,USD 57.04,cash
694055,85.0,91.0,04,2025-02-28 12:32,9.0,USD 30.73,cash
639932,,83.0,Store-3,2025-04-21T10:55:40,7.0,40.24,Credit Card
745756,,100.0,05,2025-01-06 15:17,,97.88,pp
990527,,,S06,2025-06-10T04:04:56,,USD 5.1,pp
238687,,13.0,04,2025-03-12 07:40,2.0,29.19,Credit Card
962185,355.0,24.0,08,2025-04-10T13:47:25,,USD 77.76,cash
915751,29.0,,S09,2025-01-18 18:58,,USD 51.4,Credit Crad
473964,,42.0,S07,2025-05-01 14:18,,USD 12.69,ACH
860755,,7.0,05,07/08/25,7.0,$95.29,PayPal
770292,177.0,,05,2025-03-24 18:02,8.0,71.32,Credit Crad
911769,496.0,,07,2025-05-13 20:52,,$69.98,Credit Crad
139997,,18.0,03,02/25/25,,USD 72.14,PayPal
412006,182.0,83.0,Store-6,2025-01-22T19:41:25,3.0,23.02,pp
342143,393.0,17.0,08,07/03/25,10.0,$12.65,ACH
681695,18.0,73.0,08,2025-07-03 05:49,,37.21,pp
273235,282.0,,Store-10,2025-02-10T19:50:33,,USD 45.32,Credit Card
225066,240.0,49.0,S03,2025-03-02T05:23:31,5.0,57.64,Credit Crad
360544,,,05,2025-03-01 08:35,,87.99,cash
744929,229.0,34.0,Store-10,2025-06-02 01:44,,$50.78,Credit Crad
457697,189.0,33.0,08,2025-07-01T01:55:14,,USD 93.76,Credit Card
598368,,,Store-3,2025-05-26 02:45,,USD 18.13,Credit Card
874923,,29.0,S03,06/11/25,,$45.32,PayPal
976000,165.0,91.0,S03,2025-06-04 16:35,5.0,USD 9.27,Credit Crad
278709,,,07,2025-04-11T07:21:08,,12.55,cash
551626,,,Store-6,03/09/25,,54.64,ACH
756969,,,S09,2025-02-20 22:18,0.0,$18.47,Credit Crad
505108,,2.0,03,2025-06-12 15:31,,44.16,ACH
657908,,35.0,Store-10,2025-05-20 14:08,,$18.14,cash
587751,144.0,,09,2025-02-17 21:20,,$90.03,Credit Crad
468373,,,02,2025-01-28 08:20,,25.36,PayPal
405193,,12.0,06,05/14/25,0.0,USD 40.84,ACH
725221,463.0,,05,01/06/25,0.0,33.17,Credit Crad
343161,,11.0,01,2025-03-27 13:22,10.0,$36.38,pp
926388,17.0,,Store-4,2025-01-03T08:04:38,,USD 19.71,Credit Crad
265773,,,01,02/09/25,,5.93,PayPal
216307,4.0,73.0,S08,05/27/25,2.0,9.4,pp
133541,7.0,37.0,Store-5,2025-05-04 12:41,-1.0,$39.66,cash
868898,415.0,,10,01/29/25,,USD 25.28,cash
854888,138.0,52.0,09,2025-06-10 06:03,1.0,$9.5,Credit Crad
249573,,63.0,03,2025-03-01 06:57,3.0,$31.16,Credit Crad
940128,318.0,7.0,01,2025-01-31T12:53:23,6.0,$69.08,Credit Card
207222,,,Store-9,2025-01-27 21:08,,$5.87,Credit Card
349151,,27.0,01,03/03/25,6.0,USD 39.51,pp
495530,,78.0,S04,01/17/25,,USD 8.65,Credit Crad
238150,321.0,54.0,06,2025-06-29 19:26,4.0,62.37,Credit Crad
121264,462.0,94.0,Store-3,2025-03-03T19:54:03,,$3.13,Credit Card
281867,115.0,,02,2025-01-29 01:54,,$48.16,pp
715800,59.0,,Store-3,06/07/25,,$25.74,pp
243443,,,10,05/10/25,2.0,USD 68.58,ACH
562250,116.0,74.0,Store-10,2025-05-05 18:30,1.0,USD 49.58,Credit Crad
100386,,36.0,01,05/16/25,,$40.74,ACH
542430,,,S06,2025-01-23 22:49,5.0,USD 83.9,Credit Card
828309,18.0,55.0,Store-8,2025-06-20 14:00,,USD 72.37,cash
149616,,,Store-5,03/08/25,,USD 38.49,cash
276819,51.0,28.0,S01,2025-06-27T23:37:37,-1.0,USD 75.69,PayPal
800543,,,S10,2025-01-16 08:40,,$86.03,pp
141334,128.0,,S05,2025-07-01T18:40:07,7.0,4.71,PayPal
255860,154.0,29.0,S07,2025-01-11T07:07:51,,$7.46,Credit Crad
805210,188.0,,05,06/09/25,,USD 96.22,cash
238961,38.0,44.0,04,2025-05-28T12:21:01,5.0,$45.4,Credit Crad
767347,,73.0,Store-4,01/19/25,,USD 72.75,Credit Card
579418,260.0,44.0,S06,2025-02-19T07:10:22,0.0,67.86,cash
108601,,74.0,09,2025-06-14 17:16,8.0,$13.72,PayPal
777278,,90.0,S07,2025-02-26T10:09:45,,$23.26,ACH
774157,225.0,,09,2025-03-06 19:18,,USD 9.14,ACH
793295,104.0,23.0,04,2025-04-20 11:08,,$26.16,Credit Crad
712412,314.0,,Store-2,2025-01-21 15:50,,5.39,PayPal
318476,,26.0,Store-4,2025-04-12T12:16:03,4.0,$68.06,ACH
372142,,51.0,02,05/29/25,,3.39,pp
229013,,,S01,2025-05-27T12:12:46,-1.0,USD 41.49,ACH
659568,,,02,2025-02-24T14:21:07,,USD 69.85,cash
937868,338.0,,Store-6,2025-04-14T23:25:24,1.0,USD 80.62,PayPal
685752,,,Store-6,2025-06-21T16:48:49,,26.58,Credit Card
957761,449.0,,S04,2025-06-27 03:04,,$58.93,Credit Card
248348,278.0,,Store-3,2025-05-29T02:34:46,0.0,$22.97,PayPal
100068,,71.0,06,2025-06-30 13:05,,USD 48.11,Credit Crad
593567,386.0,45.0,Store-2,2025-04-05T11:48:42,3.0,$63.05,ACH
666473,46.0,97.0,10,2025-03-20T14:38:59,,69.3,Credit Crad
884228,182.0,,03,06/15/25,4.0,USD 41.51,cash
207186,,,Store-4,03/25/25,3.0,77.74,Credit Card
481420,436.0,,03,2025-05-22T04:27:31,,USD 62.71,ACH
312238,356.0,32.0,Store-5,03/06/25,9.0,USD 39.87,PayPal
220974,90.0,,09,2025-01-16T17:01:34,,USD 98.24,cash
190734,,10.0,S05,06/08/25,10.0,7.77,ACH
204047,,,02,2025-01-28T09:46:31,4.0,$2.03,PayPal
730599,87.0,42.0,06,02/16/25,3.0,$91.13,pp
152395,,64.0,Store-8,06/06/25,0.0,61.32,cash
491649,,,S06,07/06/25,,USD 94.83,cash
101575,333.0,,Store-1,2025-02-14 10:23,0.0,USD 44.98,PayPal
249082,,,02,2025-03-28 01:29,4.0,USD 57.84,pp
974382,128.0,67.0,01,2025-01-04 22:15,,USD 66.18,ACH
237698,,94.0,S05,01/15/25,,USD 72.67,Credit Card
398457,110.0,,Store-4,2025-06-05 17:52,,74.18,ACH
393394,,7.0,Store-8,2025-06-18T09:16:37,,72.14,pp
173987,,1.0,S05,2025-02-25 15:42,,USD 75.69,ACH
960667,117.0,46.0,S06,2025-03-30T00:01:56,,68.96,Credit Card
310615,346.0,,S07,07/06/25,,$16.08,PayPal
673798,163.0,,05,2025-05-01 16:40,3.0,$64.37,pp
126575,344.0,58.0,Store-1,01/27/25,,$63.53,pp
112058,330.0,8.0,S04,06/13/25,,USD 73.53,Credit Card
771813,213.0,,S10,2025-06-10 05:06,,5.91,pp
683604,367.0,,S09,06/23/25,9.0,USD 36.75,ACH
624763,,,S10,04/21/25,10.0,21.58,cash
101326,15.0,,Store-1,2025-03-05T02:09:49,,USD 56.12,Credit Crad
541831,,,09,2025-01-23T00:09:58,1.0,$54.91,cash
854884,,,S06,04/21/25,9.0,USD 69.77,pp
509882,,,Store-10,2025-07-01T23:42:06,-1.0,USD 38.17,PayPal
307926,,,04,2025-02-17 05:54,,USD 58.43,Credit Card
634467,,50.0,Store-8,2025-04-21T21:02:42,,14.36,Credit Crad
211146,,,01,06/13/25,,$74.64,Credit Card
372060,,,06,2025-05-22T09:55:16,1.0,USD 15.2,Credit Card
309763,,58.0,S08,2025-06-02T03:24:08,,USD 14.45,Credit Card
170429,,,10,04/30/25,7.0,USD 98.39,Credit Card
349676,429.0,,09,2025-05-12T02:28:13,3.0,USD 21.78,Credit Card
839088,378.0,,S01,05/18/25,0.0,$4.92,PayPal
279492,,,01,2025-05-02T16:21:26,,27.25,Credit Card
893050,210.0,,Store-7,2025-06-10T15:21:30,3.0,USD 2.79,ACH
806145,,,Store-2,2025-03-10 22:13,4.0,$58.77,Credit Crad
724458,,72.0,Store-8,2025-05-01 13:00,,5.33,PayPal
951210,,,S09,2025-01-25T04:10:13,,51.63,PayPal
859054,427.0,8.0,09,2025-04-04 23:51,0.0,54.95,cash
939937,,,S08,2025-04-07T01:11:00,7.0,47.79,cash
260635,,69.0,S02,01/12/25,2.0,$59.84,Credit Card
202157,276.0,,S02,01/08/25,7.0,13.44,PayPal
565642,,,S10,2025-01-01T13:39:31,,48.39,Credit Card
545170,399.0,95.0,06,2025-06-02T07:03:25,,$56.05,Credit Crad
824313,354.0,,03,2025-05-05T08:24:55,,USD 3.0,Credit Card
655838,,,Store-3,2025-01-04 04:48,4.0,55.69,Credit Crad
519882,,45.0,S02,02/19/25,,USD 97.93,ACH
653982,,35.0,04,2025-07-11 09:31,,USD 7.01,cash
507216,,75.0,08,02/17/25,,$80.56,pp
363455,285.0,,Store-1,2025-01-31 12:23,9.0,$11.12,ACH
447369,195.0,80.0,Store-10,2025-03-17 04:00,,USD 54.8,Credit Crad
909078,,,Store-6,04/30/25,0.0,USD 2.23,Credit Crad
487632,223.0,57.0,S08,2025-01-21 20:59,,99.7,pp
570442,,58.0,Store-1,2025-02-12 11:55,,83.57,Credit Crad
145817,159.0,,Store-1,03/21/25,,$40.19,cash
300187,171.0,,S05,2025-01-12T01:15:49,0.0,USD 50.66,PayPal
762412,217.0,86.0,Store-10,2025-03-17T20:57:45,,40.77,ACH
105468,97.0,,03,04/30/25,9.0,USD 59.32,pp
448999,364.0,67.0,S04,04/14/25,,84.1,PayPal
811493,,,03,01/19/25,,$82.58,Credit Crad
799278,170.0,,S10,2025-03-16 04:24,,USD 23.51,pp
717121,,,S04,2025-05-25 17:10,9.0,$88.68,Credit Crad
356576,,,S08,2025-05-05 20:49,,$35.36,Credit Crad
223637,148.0,,S07,02/08/25,,USD 52.36,ACH
568321,,86.0,08,2025-07-08 03:10,-1.0,USD 8.95,ACH
119219,,,02,2025-02-06T04:07:21,4.0,$40.92,PayPal
181946,41.0,,Store-3,2025-06-10T19:58:16,9.0,47.99,ACH
246258,,80.0,06,03/18/25,,$4.65,PayPal
674769,,22.0,Store-2,06/25/25,-1.0,$70.06,Credit Card
502002,,,Store-2,2025-07-01 18:29,3.0,55.1,cash
555332,475.0,89.0,Store-3,2025-03-24 04:05,,$35.34,ACH
589231,342.0,48.0,S10,2025-06-24 06:35,,$53.57,cash
360400,,,Store-8,2025-06-29T20:12:27,3.0,$30.2,ACH
602897,487.0,,S02,2025-04-04T17:12:30,,$96.14,Credit Crad
419599,,,07,2025-06-12 21:23,,$82.14,PayPal
474373,,59.0,S06,2025-01-27 13:10,,16.29,ACH
490319,133.0,70.0,06,2025-06-10T08:42:26,4.0,USD 25.2,ACH
921774,,1.0,10,2025-06-05T05:37:53,6.0,11.57,cash
192155,135.0,,01,2025-07-02 07:34,,29.16,Credit Crad
232521,167.0,14.0,S07,2025-05-30 11:42,2.0,30.59,PayPal
521246,,5.0,01,03/19/25,,USD 86.26,Credit Card
880480,297.0,62.0,Store-1,2025-07-05 15:47,0.0,USD 36.82,cash
180775,343.0,,03,2025-01-15T21:17:02,2.0,81.24,Credit Card
415250,,28.0,S09,06/22/25,,USD 85.42,PayPal
522948,55.0,,S08,02/03/25,,25.32,pp
829295,433.0,47.0,S02,2025-07-10 09:24,,USD 7.63,Credit Card
787275,,,04,02/03/25,10.0,$78.32,ACH
976024,354.0,61.0,Store-7,04/14/25,,USD 11.87,PayPal
776339,,,S03,2025-01-05 09:41,1.0,USD 35.92,Credit Card
955695,178.0,43.0,S07,2025-05-04T00:53:26,,70.97,Credit Crad
312604,,7.0,03,04/29/25,-1.0,5.62,cash
512618,173.0,,05,2025-06-10 17:57,9.0,USD 46.36,cash
187199,347.0,,09,02/21/25,8.0,$31.59,Credit Card
299004,,54.0,Store-4,03/21/25,,$73.42,cash
234497,,85.0,06,2025-07-09 19:55,,USD 14.42,cash
883807,97.0,73.0,08,01/12/25,,$44.71,Credit Card
564222,112.0,53.0,05,2025-01-05 09:03,-1.0,$21.3,PayPal
545368,152.0,55.0,S02,2025-05-07T15:26:40,9.0,$28.4,cash
895486,154.0,98.0,02,2025-05-26T23:56:38,1.0,80.71,pp
206762,194.0,67.0,Store-1,2025-02-15T13:40:24,2.0,USD 75.14,Credit Crad
449110,,,Store-10,2025-05-23T09:09:01,,USD 34.2,pp
787217,80.0,,02,06/07/25,2.0,USD 76.84,PayPal
646686,,,S04,2025-04-28T06:04:20,,28.72,Credit Card
453301,396.0,68.0,10,06/29/25,2.0,51.31,cash
923128,127.0,,S04,2025-01-02 11:11,,43.0,Credit Crad
678864,,,Store-4,2025-05-06 12:55,,$19.38,pp
231624,,30.0,Store-6,2025-07-09T06:55:14,,$90.52,Credit Card
914729,,,08,2025-01-13T17:37:57,5.0,USD 66.15,cash
610233,,22.0,S06,2025-07-05T17:55:33,,USD 67.1,ACH
942151,317.0,42.0,10,2025-02-08T20:14:38,7.0,$45.04,cash
805623,,48.0,Store-6,06/04/25,,73.2,Credit Card
235549,,,Store-5,2025-02-18T07:47:00,6.0,2.55,ACH
115278,303.0,,S10,2025-07-04 02:54,1.0,$88.0,pp
489686,294.0,,S08,2025-05-05 06:32,3.0,USD 46.77,Credit Card
992748,103.0,,Store-2,2025-02-17 00:49,,67.75,pp
179990,175.0,59.0,05,2025-02-22T06:15:08,,$24.56,Credit Crad
837841,,,S09,07/01/25,,USD 40.28,cash
525370,,,07,2025-01-08T18:10:20,2.0,90.39,cash
631763,90.0,47.0,Store-9,07/10/25,-1.0,51.24,pp
420595,321.0,,03,01/19/25,5.0,$60.92,PayPal
313958,23.0,,Store-1,2025-07-03 14:27,,$51.91,cash
708350,306.0,96.0,Store-10,06/23/25,,25.19,Credit Crad
621347,,,05,2025-06-27T13:03:17,,USD 39.16,PayPal
150587,230.0,80.0,05,2025-05-24T12:02:24,,$31.37,pp
259647,68.0,,01,2025-05-20T23:19:24,,USD 68.18,ACH
476677,452.0,,S07,2025-02-03T23:47:40,,$83.86,PayPal
493800,,86.0,08,2025-03-30T23:50:14,,$32.96,cash
267214,140.0,36.0,Store-9,05/23/25,4.0,$73.06,pp
685252,186.0,29.0,Store-4,2025-02-07 14:48,9.0,USD 22.72,Credit Card
286115,,41.0,10,2025-02-02 07:00,9.0,3.48,cash
340242,417.0,,S08,2025-03-03 20:31,,$23.47,cash
303572,16.0,,Store-5,06/26/25,3.0,$91.36,ACH
713579,234.0,39.0,Store-6,2025-04-30 00:32,,87.81,PayPal
413670,169.0,,S03,2025-04-06 16:01,6.0,82.79,ACH
333169,,,Store-8,2025-04-06 04:15,,$27.06,PayPal
632138,187.0,,Store-4,01/04/25,,$15.26,Credit Card
964538,251.0,,Store-3,2025-02-02 19:41,,USD 61.5,pp
832345,,,S09,05/14/25,,7.84,pp
138205,,,S01,2025-05-08 02:44,,94.12,Credit Crad
159418,,34.0,Store-4,07/11/25,9.0,USD 22.84,ACH
546434,,,S08,2025-05-14T14:07:37,4.0,11.94,Credit Crad
792581,328.0,,Store-1,01/08/25,3.0,96.32,pp
422935,,,S04,2025-04-04T15:52:53,3.0,USD 84.35,Credit Crad
845844,,66.0,Store-8,03/29/25,0.0,6.09,pp
570758,398.0,96.0,S01,01/24/25,,USD 27.33,ACH
747187,,,Store-9,2025-06-25T17:54:44,9.0,25.61,Credit Crad
521382,,36.0,08,01/31/25,5.0,USD 63.53,PayPal
904327,477.0,,Store-4,2025-07-08 12:53,7.0,$86.46,cash
182426,,36.0,S01,2025-07-05 23:45,5.0,30.76,Credit Card
879115,,,Store-6,2025-02-10T09:21:56,1.0,21.26,Credit Crad
913843,81.0,37.0,Store-8,05/23/25,3.0,USD 11.52,pp
791280,,,05,2025-07-03 18:30,,$16.8,ACH
769155,351.0,,Store-8,2025-03-14T13:40:45,2.0,$42.82,Credit Crad
919130,145.0,,Store-7,01/11/25,6.0,76.69,ACH
507124,432.0,67.0,03,2025-03-20 04:55,,USD 35.47,cash
152757,254.0,,Store-8,03/30/25,4.0,$26.42,Credit Crad
985616,,38.0,10,2025-05-19T13:08:08,0.0,$8.1,ACH
657069,213.0,,08,2025-03-12T00:41:39,6.0,$38.93,Credit Crad
412788,,36.0,06,2025-03-07T06:22:07,2.0,86.58,ACH
511573,,34.0,04,2025-03-07T05:20:24,,42.09,pp
714435,64.0,38.0,S09,04/29/25,5.0,$3.93,ACH
572443,45.0,69.0,Store-10,2025-05-07T19:36:24,0.0,USD 57.41,PayPal
490119,,,07,2025-04-22 08:41,,$24.72,pp
571573,81.0,19.0,S03,03/25/25,0.0,USD 15.89,cash
365146,21.0,,S05,05/18/25,,47.51,PayPal
808251,,,07,05/09/25,,$56.8,pp
880088,471.0,86.0,02,2025-05-23 12:27,-1.0,$72.52,Credit Crad
132653,,37.0,S05,01/10/25,,USD 73.84,Credit Card
440508,54.0,,08,2025-07-09 16:59,,USD 71.73,cash
214885,,,Store-2,01/04/25,,USD 58.29,Credit Crad
627218,,18.0,S01,2025-03-13T00:38:41,6.0,$36.4,PayPal
939958,56.0,,Store-9,2025-06-11T12:20:49,,$80.53,cash
732411,347.0,42.0,Store-6,2025-06-01T15:23:37,10.0,USD 70.9,Credit Card
699175,179.0,62.0,S10,01/15/25,6.0,$96.72,Credit Crad
635943,,,S06,2025-01-04 17:19,5.0,USD 95.96,pp
727351,421.0,42.0,S07,2025-02-12T00:57:56,1.0,24.93,Credit Card
277991,,48.0,07,2025-01-17 16:50,,$50.98,PayPal
101430,352.0,17.0,Store-1,2025-04-23 15:17,,60.79,Credit Card
420187,,20.0,Store-4,2025-01-08 00:48,,USD 55.68,ACH
335382,,,Store-5,2025-05-12 18:15,0.0,13.94,Credit Crad
239744,,49.0,Store-4,02/28/25,10.0,8.76,ACH
548423,360.0,68.0,08,05/22/25,8.0,15.49,PayPal
880100,,94.0,Store-6,05/02/25,,$22.8,Credit Card
260609,396.0,19.0,Store-6,05/13/25,0.0,$55.03,pp
872234,227.0,,Store-8,2025-01-03 07:00,,$66.15,PayPal
262202,,22.0,04,03/30/25,,76.37,Credit Card
900204,256.0,91.0,S10,01/24/25,,$21.56,pp
582117,102.0,63.0,S08,06/19/25,2.0,$88.83,ACH
231808,356.0,20.0,S06,2025-02-15T21:03:53,0.0,USD 89.08,Credit Card
878034,458.0,43.0,Store-8,2025-04-24 02:28,10.0,66.79,cash
523361,,94.0,07,06/14/25,,USD 53.98,PayPal
104176,,,Store-4,2025-05-29 13:23,,$9.25,PayPal
335903,39.0,38.0,S01,04/12/25,3.0,USD 9.44,pp
567582,397.0,69.0,S10,05/18/25,,USD 23.39,cash
897860,4.0,,S10,05/02/25,2.0,$89.59,cash
928107,,32.0,Store-5,2025-02-19T16:42:14,0.0,$52.33,Credit Card
321345,,18.0,S07,2025-02-14 21:59,0.0,95.87,PayPal
978392,241.0,62.0,05,2025-05-15T13:40:51,,USD 89.28,cash
184266,,91.0,Store-7,2025-05-02 22:35,-1.0,$64.46,cash
765179,,80.0,03,03/23/25,,USD 71.5,pp
964627,471.0,,Store-6,2025-02-03T13:18:38,,$92.64,Credit Card
376312,255.0,,Store-6,05/24/25,2.0,7.55,Credit Card
345540,404.0,56.0,Store-3,04/28/25,,USD 64.66,cash
524249,,,10,2025-04-10 16:45,8.0,3.3,PayPal
728851,387.0,62.0,09,06/11/25,5.0,$91.51,ACH
224683,112.0,,S08,2025-04-01T01:02:16,-1.0,$92.63,Credit Crad
834833,116.0,17.0,S01,06/25/25,,USD 5.22,PayPal
498586,16.0,32.0,07,2025-01-18 00:15,7.0,10.12,ACH
986449,,85.0,08,2025-01-23T19:02:13,,USD 79.79,PayPal
338776,283.0,,S08,01/03/25,-1.0,USD 92.21,pp
894861,,31.0,05,2025-06-07T03:08:12,,USD 78.68,ACH
703500,415.0,24.0,03,2025-01-30 03:51,6.0,$12.51,PayPal
598959,296.0,,Store-9,2025-03-24 13:58,6.0,44.38,Credit Crad
733091,444.0,3.0,Store-7,01/02/25,,USD 9.67,Credit Crad
893091,,,03,02/05/25,4.0,USD 80.47,pp
515253,,,05,2025-07-08 11:43,,USD 15.05,pp
845886,290.0,,Store-8,2025-05-17T00:26:43,6.0,USD 70.91,pp
218551,,,07,2025-03-10 05:46,4.0,78.7,cash
534487,34.0,18.0,Store-1,02/22/25,,$81.22,cash
465434,,,S10,01/30/25,2.0,$50.81,pp
894711,,38.0,Store-4,06/14/25,2.0,$48.93,Credit Card
770420,,22.0,06,2025-02-23T22:40:27,,$38.85,PayPal
222109,319.0,,Store-10,2025-04-20 23:38,,USD 76.32,pp
150530,,7.0,06,01/27/25,,37.0,cash
823533,397.0,2.0,06,04/14/25,2.0,$26.85,PayPal
987584,348.0,2.0,04,2025-03-15 21:42,4.0,$54.81,pp
404156,,,05,05/22/25,,97.46,PayPal
142180,,,Store-10,2025-05-30T02:03:29,,USD 91.42,ACH
454976,,,03,2025-02-09 17:40,0.0,9.06,PayPal
638079,166.0,,10,2025-03-07T13:01:57,5.0,$56.25,Credit Card
697028,296.0,,Store-8,2025-05-17 13:57,2.0,USD 86.45,PayPal
511375,,,Store-2,03/21/25,,USD 77.87,Credit Card
365913,267.0,,S03,2025-01-16T19:20:22,,$54.6,Credit Card
794290,,81.0,S03,2025-05-20T16:34:19,-1.0,24.65,PayPal
860923,,76.0,S06,03/31/25,,USD 16.91,ACH
679810,491.0,,Store-3,2025-06-19 08:56,8.0,91.99,ACH
981122,252.0,,S09,05/10/25,,69.17,Credit Card
742068,437.0,50.0,Store-5,01/04/25,1.0,$75.81,cash
315012,,85.0,S10,2025-01-14 06:48,10.0,USD 8.17,Credit Card
929870,,10.0,S05,04/05/25,4.0,$32.83,ACH
303426,,14.0,Store-3,2025-02-23 18:25,,$93.62,PayPal
186094,462.0,82.0,S08,05/19/25,2.0,$46.23,Credit Crad
965652,,,10,2025-01-20 12:38,7.0,85.22,Credit Crad
567709,,,05,2025-03-15T21:00:57,1.0,64.04,ACH
889222,141.0,36.0,Store-3,2025-01-30T22:43:54,,$10.32,cash
933004,342.0,,S10,2025-03-26T19:32:45,,$43.52,ACH
509837,259.0,67.0,S03,2025-03-25T18:17:38,-1.0,72.82,pp
662293,,27.0,07,02/27/25,,$87.74,cash
125594,,,08,2025-02-26 03:46,5.0,$28.57,cash
203577,,,Store-7,01/17/25,,97.8,ACH
859231,351.0,34.0,S07,02/14/25,2.0,USD 6.48,ACH
581372,340.0,57.0,Store-7,2025-01-16 00:53,,USD 59.58,pp
226793,73.0,,S08,2025-06-28 18:42,3.0,USD 42.87,pp
439926,,,04,05/31/25,1.0,$66.09,ACH
773388,291.0,96.0,S03,2025-03-27 02:36,,USD 77.5,ACH
586835,299.0,26.0,Store-9,2025-01-20T07:27:19,1.0,7.31,PayPal
358065,,45.0,03,2025-04-08 23:27,10.0,$12.98,Credit Crad
757615,,,S07,06/16/25,,USD 25.59,Credit Card
170608,,,03,2025-01-30 06:25,,$95.41,Credit Card
397261,,66.0,Store-4,04/14/25,,USD 36.25,cash
393979,,30.0,08,01/07/25,0.0,USD 91.04,pp
723348,,,S05,05/24/25,2.0,USD 11.8,Credit Card
903807,,,02,2025-05-11T14:34:22,0.0,USD 50.61,ACH
274877,107.0,11.0,09,2025-06-19 08:36,7.0,USD 77.91,PayPal
473073,292.0,86.0,S10,2025-06-11T22:26:59,2.0,87.75,Credit Crad
891160,200.0,,01,06/02/25,,64.77,ACH
942078,127.0,38.0,Store-1,2025-02-01 20:44,4.0,$81.09,pp
929233,,69.0,10,2025-07-05T17:47:14,,USD 21.35,ACH
115555,43.0,5.0,Store-6,06/18/25,0.0,$97.13,cash
377529,,,07,2025-02-05T06:24:02,6.0,USD 35.27,pp
948292,,,S10,2025-02-01T13:37:02,0.0,34.58,PayPal
646197,47.0,,03,2025-05-28T09:23:17,4.0,54.81,Credit Card
673538,,,Store-7,01/01/25,7.0,$67.59,ACH
657183,499.0,,07,2025-02-07 15:30,2.0,16.65,PayPal
549190,,,Store-3,05/20/25,8.0,USD 57.92,Credit Crad
472418,,91.0,01,2025-06-26 08:14,,$97.43,ACH
323551,,,Store-5,2025-06-13 20:51,,$11.88,ACH
208752,,,S01,2025-07-01T16:24:17,3.0,74.7,Credit Crad
216394,198.0,57.0,01,05/11/25,0.0,75.75,pp
189306,52.0,,Store-1,2025-03-08T10:46:21,,USD 57.8,cash
107976,423.0,39.0,Store-5,05/17/25,4.0,USD 69.51,ACH
824890,,60.0,Store-5,2025-03-06 13:19,7.0,$63.13,cash
253855,184.0,76.0,S06,2025-04-10 17:01,4.0,USD 41.51,cash
758384,120.0,,02,2025-03-25T00:36:13,,$18.1,PayPal
133567,120.0,7.0,S10,02/09/25,,USD 28.25,cash
394396,,89.0,Store-4,2025-05-06T15:57:18,6.0,41.35,cash
526749,,44.0,03,2025-06-07T19:06:42,,33.76,ACH
449204,305.0,54.0,S03,2025-06-09T10:15:00,,USD 88.16,cash
300398,,,02,2025-05-10 14:10,9.0,USD 28.32,PayPal
115715,,45.0,10,03/06/25,,USD 2.25,PayPal
626791,15.0,37.0,Store-3,03/19/25,7.0,USD 96.27,PayPal
306958,,,01,2025-01-02 03:24,,USD 20.96,Credit Card
890201,391.0,93.0,04,2025-02-20T09:00:13,,$29.01,Credit Card
256221,169.0,91.0,Store-8,02/17/25,,$91.08,Credit Crad
655793,,4.0,Store-1,2025-01-10T06:17:18,,$44.2,Credit Crad
407208,,33.0,Store-5,2025-03-24T10:10:46,,8.39,ACH
540878,,,01,06/02/25,0.0,$45.39,PayPal
530120,283.0,40.0,06,03/04/25,,8.2,Credit Card
139710,,,08,2025-06-04T11:43:09,4.0,$96.86,PayPal
308867,265.0,2.0,Store-5,2025-01-18 05:11,,USD 22.62,PayPal
692271,,,S09,2025-03-25T04:40:55,2.0,90.75,cash
630596,,100.0,S05,2025-07-12 12:50,,USD 82.35,Credit Crad
990297,466.0,,Store-7,2025-05-05 07:45,,69.31,Credit Crad
425064,407.0,,S10,2025-04-10T18:13:40,,$90.73,Credit Crad
619713,439.0,,08,06/16/25,0.0,$94.01,cash
321990,,,Store-3,2025-04-20 10:19,,95.29,Credit Crad
688027,,79.0,S05,06/14/25,,$42.41,Credit Crad
553831,,,S03,2025-07-11T12:12:47,,USD 21.29,ACH
411456,451.0,,Store-1,2025-06-18 23:59,2.0,$26.64,Credit Crad
408096,298.0,,Store-9,2025-03-10 14:54,,$63.98,Credit Crad
603141,347.0,9.0,Store-3,03/31/25,,15.97,PayPal
570133,,55.0,S08,02/11/25,-1.0,USD 91.63,Credit Crad
231067,218.0,76.0,Store-5,04/29/25,,USD 61.41,PayPal
399970,60.0,,02,2025-03-29 00:42,,$7.49,pp
967477,429.0,75.0,Store-2,2025-06-22 00:30,3.0,USD 59.35,ACH
249193,,80.0,Store-8,05/03/25,2.0,36.57,Credit Crad
943582,,,08,04/14/25,8.0,92.44,ACH
362102,,,Store-3,2025-03-18 03:52,2.0,USD 41.59,Credit Card
445402,,,Store-4,06/18/25,,$97.88,pp
930342,,22.0,08,06/18/25,,34.87,Credit Card
347395,366.0,,07,2025-06-22T06:25:00,9.0,USD 89.78,ACH
789317,352.0,87.0,10,04/07/25,5.0,$60.78,Credit Card
828782,,,S04,2025-03-13T17:23:00,2.0,$92.3,PayPal
296468,121.0,68.0,05,01/02/25,,$38.73,Credit Card
300257,165.0,,S09,02/20/25,9.0,$38.07,PayPal
960249,,43.0,Store-9,2025-01-16 09:47,10.0,USD 94.5,pp
606970,329.0,92.0,S03,01/02/25,3.0,$79.59,Credit Card
942091,,,09,01/20/25,,90.13,Credit Crad
952014,370.0,25.0,S07,02/07/25,,10.48,pp
134695,128.0,,Store-4,2025-05-11T03:38:16,,12.25,PayPal
281311,,,Store-7,2025-01-25 00:04,2.0,$92.68,PayPal
931233,477.0,,S10,2025-02-15T07:57:42,9.0,$44.46,Credit Crad
518986,339.0,,Store-2,05/10/25,6.0,11.18,Credit Card
139185,,84.0,S04,03/03/25,-1.0,USD 26.94,Credit Crad
103053,169.0,,02,2025-04-25 02:36,,USD 74.81,PayPal
707427,,98.0,Store-4,2025-03-14 03:28,3.0,11.68,PayPal
808923,204.0,,Store-7,2025-01-09 15:44,,$47.98,cash
217033,,31.0,Store-10,03/29/25,,$88.32,PayPal
872400,149.0,22.0,Store-4,2025-03-18 16:23,2.0,USD 71.54,PayPal
403785,,2.0,S03,2025-06-08 22:31,7.0,USD 68.13,ACH
105508,,84.0,S09,2025-06-13T18:24:07,1.0,$38.64,cash
921317,,,S06,01/03/25,,USD 48.5,Credit Crad
317155,222.0,46.0,01,2025-05-10T16:17:48,10.0,28.2,cash
638399,,52.0,06,01/28/25,,USD 33.3,cash
114581,,,07,2025-06-30 11:48,,$32.8,Credit Crad
130580,,,Store-5,2025-01-26T19:31:37,10.0,USD 26.38,PayPal
603487,468.0,43.0,Store-2,02/10/25,5.0,USD 58.55,cash
727408,447.0,32.0,09,2025-06-25 04:24,,USD 77.56,PayPal
212428,62.0,,09,2025-05-11T00:14:43,,65.78,pp
224656,,49.0,S02,2025-01-04T19:13:00,,$17.78,PayPal
211800,192.0,,09,04/28/25,3.0,USD 46.74,pp
997098,,,03,03/13/25,-1.0,$71.84,cash
551724,,69.0,Store-6,06/12/25,,48.86,pp
548176,352.0,67.0,S06,2025-03-24T08:12:04,,$98.33,PayPal
898018,,,Store-3,04/29/25,5.0,USD 70.59,ACH
355557,160.0,,Store-3,2025-01-22T16:20:09,,$15.73,ACH
670870,150.0,,S01,2025-03-04 04:14,,$84.65,ACH
736400,,16.0,Store-10,2025-04-14 23:37,6.0,14.86,PayPal
187824,377.0,,02,2025-01-10 20:57,6.0,33.8,Credit Crad
942196,187.0,,05,2025-02-28T13:12:37,5.0,USD 32.08,Credit Card
349995,153.0,,Store-2,2025-03-29 23:03,,USD 51.73,pp
790731,285.0,84.0,S04,03/15/25,8.0,$78.62,ACH
467615,79.0,73.0,10,2025-06-18T06:58:25,4.0,$62.65,pp
115979,399.0,74.0,S01,03/02/25,,$38.51,cash
689833,,85.0,05,2025-01-12T08:29:59,,21.98,ACH
243761,145.0,39.0,S02,2025-01-26T10:51:57,,USD 12.95,Credit Crad
607107,24.0,21.0,06,03/07/25,5.0,$81.56,PayPal
701963,292.0,31.0,10,01/11/25,,58.08,Credit Crad
374676,232.0,,01,2025-05-12T22:05:47,10.0,USD 41.76,cash
682889,310.0,29.0,10,2025-05-04 12:10,,78.96,Credit Crad
913915,,56.0,Store-5,2025-06-29T02:42:24,,16.78,Credit Card
246942,447.0,,05,2025-06-21 01:30,10.0,USD 67.5,ACH
965124,129.0,92.0,10,2025-01-28T11:22:03,5.0,$95.02,pp
910355,,,Store-8,2025-02-02 21:50,7.0,70.34,cash
695617,300.0,,Store-7,02/20/25,,4.85,pp
787580,235.0,,02,05/15/25,,USD 6.33,ACH
617813,466.0,,Store-4,2025-01-06 13:54,10.0,USD 67.98,ACH
766420,330.0,66.0,09,2025-04-25T03:53:28,-1.0,USD 90.17,Credit Crad
822924,,,S05,2025-04-16T19:19:22,4.0,$26.11,ACH
858972,441.0,41.0,05,2025-01-10 05:20,,USD 63.11,Credit Card
452798,198.0,,S06,2025-06-03 15:39,1.0,$68.72,ACH
997793,44.0,1.0,Store-9,2025-02-10T22:17:57,,64.0,PayPal
926102,419.0,59.0,09,01/11/25,,$28.02,Credit Card
862569,,,05,02/06/25,10.0,$13.55,ACH
413388,,75.0,Store-10,04/25/25,3.0,46.09,pp
489348,,94.0,Store-5,2025-02-28T06:58:48,9.0,72.84,pp
226152,330.0,,Store-6,01/15/25,,35.26,Credit Card
629904,,58.0,Store-1,2025-05-17T10:27:24,5.0,5.94,cash
596909,422.0,,Store-5,02/26/25,,USD 55.09,ACH
581592,33.0,56.0,10,2025-03-10 13:54,,USD 57.52,Credit Card
603134,237.0,,S08,02/01/25,,USD 17.76,pp
964062,136.0,,Store-3,2025-07-09 06:26,,55.28,Credit Crad
432879,,83.0,Store-8,2025-03-23T09:34:58,0.0,USD 10.56,cash
404240,,,S05,2025-01-05T19:41:56,,USD 54.65,Credit Card
762515,48.0,,Store-10,04/17/25,4.0,77.6,cash
280009,,,Store-3,2025-04-01T02:40:41,2.0,$1.2,cash
601446,425.0,27.0,S01,2025-03-16T21:26:07,-1.0,$33.2,PayPal
389263,,3.0,03,2025-04-07 22:47,9.0,$62.61,cash
898647,,96.0,02,2025-05-20T17:24:05,9.0,USD 98.15,Credit Card
242589,,,S03,2025-07-04T18:12:14,10.0,USD 9.34,PayPal
473008,192.0,,Store-6,2025-03-08T20:40:29,1.0,$97.16,PayPal
277567,,75.0,Store-10,06/21/25,9.0,24.08,cash
105546,,77.0,S05,2025-02-12 14:32,8.0,$90.51,ACH
554941,,48.0,S05,07/06/25,,$36.42,ACH
470564,,99.0,Store-6,02/03/25,9.0,39.66,Credit Crad
259216,,94.0,08,2025-04-27T14:36:44,,USD 95.81,pp
831259,,,05,2025-02-21T08:31:11,,$98.12,cash
950822,,,Store-3,2025-07-02T04:17:53,,USD 37.48,ACH
331814,,56.0,Store-3,2025-06-24T13:48:11,2.0,$38.57,PayPal
919844,114.0,43.0,S06,2025-01-21 19:15,,USD 14.09,pp
463591,,53.0,S04,2025-03-28 19:29,-1.0,80.52,ACH
964719,344.0,,S06,2025-04-09 04:03,-1.0,$99.66,Credit Crad
258187,,13.0,03,2025-04-27 11:20,,$42.53,pp
514586,417.0,1.0,Store-8,2025-02-09 18:02,,$46.28,PayPal
197553,,11.0,S02,04/23/25,6.0,62.55,Credit Card
181890,,66.0,Store-10,04/07/25,,$34.07,ACH
600645,,,06,2025-04-26T19:51:08,3.0,$86.64,PayPal
561561,333.0,,S09,2025-03-19 06:32,,USD 34.91,PayPal
298604,435.0,42.0,03,2025-05-19T10:54:33,4.0,$56.15,PayPal
523703,,,Store-1,01/08/25,0.0,$51.94,Credit Crad
223452,365.0,,Store-4,2025-06-27T02:48:26,,73.58,cash
675217,449.0,,S10,2025-04-10 20:10,,USD 48.81,PayPal
694978,,,Store-10,2025-04-12 12:26,6.0,75.2,PayPal
133118,114.0,75.0,Store-1,2025-03-29 19:30,,USD 10.55,Credit Crad
386530,415.0,,01,2025-06-24T07:39:00,,55.83,pp
333571,107.0,,Store-7,02/12/25,,USD 91.61,cash
141764,,,S01,2025-03-31 13:07,,$54.77,Credit Crad
600577,378.0,87.0,06,2025-06-26T07:26:40,10.0,$96.42,Credit Crad
413526,178.0,52.0,S01,01/25/25,,$52.06,cash
326005,168.0,,06,2025-01-25T00:05:49,10.0,USD 72.33,Credit Crad
210208,,,S10,2025-05-30 09:50,2.0,39.87,Credit Card
289726,282.0,81.0,S09,2025-07-08 10:11,2.0,$99.94,pp
953403,,,Store-9,03/26/25,,USD 69.91,cash
584722,,,S03,2025-03-11 19:07,0.0,$30.61,Credit Crad
215573,111.0,75.0,01,2025-03-09T20:06:10,8.0,76.3,PayPal
373192,,,Store-6,2025-04-24T08:50:39,4.0,35.66,pp
280491,,,Store-10,2025-02-23T02:31:03,1.0,USD 23.14,Credit Card
534635,,,01,2025-05-12T08:41:19,8.0,$79.44,PayPal
557119,466.0,,04,2025-01-03T20:16:51,6.0,$77.24,cash
387755,231.0,,08,06/23/25,,USD 12.29,ACH
831929,266.0,16.0,05,2025-06-20T05:57:03,1.0,$31.08,ACH
232566,140.0,82.0,08,01/24/25,,13.92,cash
627009,77.0,,S04,2025-06-09T23:19:37,,28.05,pp
292122,235.0,,S07,2025-03-07T10:30:14,,18.31,Credit Crad
719823,,,07,2025-05-13 13:53,,USD 47.99,Credit Card
939254,323.0,,S03,2025-04-18 13:29,-1.0,$38.0,PayPal
655898,398.0,77.0,S06,02/26/25,,86.67,cash
923903,188.0,90.0,S04,2025-03-04 11:43,3.0,USD 19.31,Credit Card
994122,94.0,54.0,03,06/21/25,2.0,$85.4,PayPal
584985,196.0,,Store-9,01/26/25,4.0,$66.94,cash
776062,97.0,49.0,S09,2025-05-08T11:33:19,1.0,USD 62.15,cash
200589,138.0,,S10,01/03/25,,20.98,Credit Crad
825206,17.0,4.0,Store-3,04/04/25,,$13.84,pp
570431,,,S02,2025-07-11T18:54:54,,60.14,cash
415490,,80.0,Store-4,2025-01-15 13:20,0.0,$44.87,Credit Crad
107414,261.0,50.0,S08,2025-04-19T14:42:36,9.0,$16.54,ACH
678446,30.0,,S06,06/09/25,,39.93,cash
418092,257.0,47.0,09,2025-06-17T15:25:41,,$16.27,cash
710069,,,05,01/19/25,8.0,55.3,PayPal
803035,,,S09,2025-05-26 11:00,-1.0,USD 57.26,PayPal
763098,196.0,,Store-4,2025-04-05T06:06:54,5.0,$65.67,ACH
846877,35.0,,S07,01/14/25,9.0,4.0,Credit Crad
975859,112.0,,S04,2025-02-06 10:42,,USD 60.6,Credit Card
396926,27.0,,S06,2025-05-26 09:40,,20.27,Credit Card
816796,462.0,8.0,09,2025-07-08 05:05,,14.91,PayPal
926477,206.0,,08,03/06/25,,$16.76,pp
904875,,,Store-6,2025-01-25 06:23,,USD 33.23,cash
632680,310.0,,Store-1,01/01/25,,USD 30.83,ACH
744402,129.0,49.0,Store-6,2025-06-14 22:05,,USD 36.66,Credit Card
154851,,,Store-1,2025-07-10T04:44:58,9.0,$15.0,Credit Crad
354452,,,S03,2025-06-20 20:31,,$67.18,Credit Card
725592,124.0,,Store-8,04/17/25,,USD 99.42,ACH
450442,,,07,05/04/25,5.0,46.07,Credit Card
973053,,2.0,S04,2025-01-30T11:27:46,5.0,USD 20.02,Credit Card
327901,,93.0,Store-10,2025-05-23T03:47:36,,$88.09,cash
908719,204.0,,08,2025-03-10 15:54,1.0,USD 17.21,PayPal
236166,,,10,2025-04-06T02:28:47,9.0,USD 25.91,ACH
356836,,,05,2025-03-06 12:51,,USD 10.42,Credit Crad
528525,100.0,1.0,S07,2025-07-05T09:15:52,7.0,$61.12,pp
825422,,54.0,06,2025-04-27T01:56:35,,USD 34.64,pp
403557,499.0,,S02,06/18/25,,52.25,cash
387472,,,Store-2,2025-01-09T11:53:18,10.0,$34.04,pp
173946,,3.0,03,05/19/25,,65.82,ACH
908156,,,Store-8,2025-04-01T03:26:58,10.0,USD 89.81,Credit Crad
204414,173.0,89.0,Store-7,2025-05-29 16:13,5.0,86.2,PayPal
447483,44.0,97.0,S05,2025-03-29 23:52,4.0,$52.3,ACH
653440,470.0,56.0,01,01/24/25,6.0,68.27,pp
882223,210.0,14.0,S10,07/01/25,,$57.04,Credit Crad
201366,,,Store-8,04/08/25,10.0,$89.48,ACH
408522,,,S08,03/27/25,5.0,26.49,ACH
561092,,24.0,06,2025-01-11T17:17:39,5.0,65.05,ACH
894169,,,03,2025-05-21T01:22:38,2.0,43.82,cash
641972,80.0,,S07,2025-02-04T11:35:08,,USD 11.31,pp
139659,325.0,56.0,S08,2025-06-11 11:08,7.0,USD 91.99,Credit Crad
310330,142.0,60.0,S03,2025-02-23T11:02:20,4.0,USD 43.65,pp
849463,,,S10,2025-05-20 04:38,3.0,USD 84.76,Credit Card
653879,380.0,35.0,S01,05/14/25,4.0,USD 37.12,cash
692636,406.0,12.0,S09,07/04/25,4.0,$46.66,Credit Card
277810,378.0,39.0,S03,2025-01-19 01:23,,USD 20.74,Credit Crad
891868,,35.0,Store-1,2025-05-14 17:33,9.0,$23.18,Credit Crad
265183,,,Store-10,07/06/25,,$64.17,cash
208682,335.0,,Store-9,01/10/25,4.0,$55.9,PayPal
689758,280.0,,Store-3,2025-04-08T14:52:46,,USD 99.86,cash
591983,76.0,80.0,03,2025-03-05T23:52:14,,88.66,cash
800608,,,Store-7,2025-04-21T02:58:10,,$53.78,cash
917600,,31.0,Store-7,2025-06-06T02:32:55,,USD 10.29,cash
254681,,57.0,03,2025-06-01 19:16,6.0,77.05,Credit Crad
205891,,,S03,04/12/25,1.0,USD 48.63,cash
295673,,,03,2025-03-04 17:11,0.0,USD 49.35,cash
460333,276.0,,06,2025-06-03T07:47:11,,USD 6.37,Credit Crad
679527,,66.0,Store-9,2025-06-13T03:00:53,,11.42,cash
129317,112.0,,S04,2025-07-03 21:22,4.0,$7.64,pp
958044,,,07,2025-04-30T03:32:55,9.0,84.38,Credit Crad
519186,365.0,,Store-1,02/08/25,6.0,95.89,cash
834892,319.0,,Store-9,2025-05-30T05:52:58,,$39.07,pp
863697,,7.0,06,2025-06-24 10:03,,77.11,Credit Card
233570,31.0,,Store-6,05/21/25,4.0,15.09,Credit Card
999179,492.0,,07,03/18/25,-1.0,85.52,Credit Crad
317803,,84.0,Store-7,2025-04-11 06:44,6.0,USD 27.09,Credit Card
989687,,,S05,2025-03-14 12:29,2.0,USD 8.85,cash
883421,,,S01,2025-06-21T17:50:36,,USD 30.65,PayPal
854166,,74.0,S04,2025-04-06T13:28:12,,31.81,Credit Crad
758245,,8.0,Store-9,03/18/25,,$13.75,ACH
125492,138.0,,04,07/01/25,,USD 36.88,ACH
166113,,,S02,04/17/25,,64.7,Credit Crad
620072,342.0,95.0,S09,2025-06-14T03:55:05,10.0,9.8,PayPal
694358,138.0,,08,03/25/25,-1.0,USD 82.19,cash
900405,,58.0,05,2025-07-02 19:44,,18.54,pp
778994,,50.0,Store-6,2025-04-19T10:33:11,,$72.59,ACH
120887,393.0,,Store-4,2025-03-11T05:50:46,5.0,$59.02,cash
808754,,,S10,02/04/25,9.0,97.02,Credit Card
875453,,88.0,04,2025-07-09T10:27:38,7.0,USD 47.6,cash
253690,43.0,,Store-5,2025-04-08 23:33,,$45.07,ACH
760819,452.0,69.0,S02,2025-07-11 12:56,,USD 12.76,Credit Crad
629340,429.0,3.0,Store-5,06/15/25,0.0,90.98,cash
363057,130.0,25.0,S08,2025-01-08 14:42,8.0,55.53,ACH
779073,,,Store-10,06/18/25,10.0,89.08,pp
582962,,,S04,2025-03-08 14:32,,$60.2,pp
998833,,97.0,Store-5,2025-03-17T06:03:35,4.0,33.92,pp
456820,39.0,55.0,07,2025-04-20 04:45,5.0,$63.96,cash
159916,,,Store-10,2025-03-06 20:56,,$85.83,PayPal
350168,,,S07,04/02/25,,USD 90.23,cash
569309,,99.0,08,06/12/25,,USD 99.33,pp
266182,,64.0,06,2025-03-10T01:24:16,,USD 99.92,pp
556742,33.0,41.0,S05,2025-05-16 21:14,-1.0,$17.24,PayPal
426434,93.0,,03,2025-02-01T14:35:05,8.0,USD 82.72,cash
221203,274.0,83.0,Store-8,2025-01-13T15:34:56,5.0,USD 61.16,ACH
993246,,44.0,S07,2025-07-07 13:09,,USD 5.05,Credit Crad
158418,,,S03,2025-06-30T06:11:49,,69.64,PayPal
134053,,62.0,05,03/12/25,8.0,$56.47,cash
848776,133.0,34.0,Store-4,2025-05-17T08:28:41,,71.7,Credit Crad
841975,,,S10,2025-01-24 16:44,,64.84,Credit Card
